{
    "cluster": [
      "manage"
    ],
    "indices": [
      {
        "names": [
          "*_stats*"
        ],
        "privileges": [
          "all"
        ],
        "allow_restricted_indices": false
      },
      {
        "names": [
          "*_logs*"
        ],
        "privileges": [
          "all"
        ],
        "field_security": {
          "grant": [
            "*"
          ]
        },
        "allow_restricted_indices": false
      },
      {
        "names": [
          "*_mbeat*"
        ],
        "privileges": [
          "all"
        ],
        "field_security": {
          "grant": [
            "*"
          ]
        },
        "allow_restricted_indices": false
      }
    ],
    "applications": [],
    "run_as": [],
    "metadata": {},
    "transient_metadata": {
      "enabled": true
    }
}

