{
 "files": [
  {
   "name": ".",
   "ftype": "dir",
   "chksum_type": null,
   "chksum_sha256": null,
   "format": 1
  },
  {
   "name": ".gitignore",
   "ftype": "file",
   "chksum_type": "sha256",
   "chksum_sha256": "dfc5692588b338148d1ae60d04cb5c2561f659e2efdb0a01813b5d1ef5605605",
   "format": 1
  },
  {
   "name": "CONTRIBUTING.md",
   "ftype": "file",
   "chksum_type": "sha256",
   "chksum_sha256": "27344573191496c7506f67129c6b88d8a05ad8c99e069fa7c27f8f17f61bda57",
   "format": 1
  },
  {
   "name": "LICENSE",
   "ftype": "file",
   "chksum_type": "sha256",
   "chksum_sha256": "f717ec697e01e78397a7c8a6f13b78070ea4503346ba65202ccaa055f34f0261",
   "format": 1
  },
  {
   "name": "README.md",
   "ftype": "file",
   "chksum_type": "sha256",
   "chksum_sha256": "95fbaf2d9aca40ef6f75e7600966d50a3856f5d548a3320ac771c4a3db96386c",
   "format": 1
  },
  {
   "name": "custom-cred-types",
   "ftype": "dir",
   "chksum_type": null,
   "chksum_sha256": null,
   "format": 1
  },
  {
   "name": "custom-cred-types/cyberark-pas-restapi",
   "ftype": "dir",
   "chksum_type": null,
   "chksum_sha256": null,
   "format": 1
  },
  {
   "name": "custom-cred-types/cyberark-pas-restapi/README.md",
   "ftype": "file",
   "chksum_type": "sha256",
   "chksum_sha256": "a07b281e2ab653ee3b61a36a7cced24051b2c2a8a7b14fdc8632b2c34f31e2c5",
   "format": 1
  },
  {
   "name": "custom-cred-types/cyberark-pas-restapi/injector.yml",
   "ftype": "file",
   "chksum_type": "sha256",
   "chksum_sha256": "f61c7965c5570860c7345b15f5ce4eea14b7ea4e51548060e023f6dd75879b4c",
   "format": 1
  },
  {
   "name": "custom-cred-types/cyberark-pas-restapi/input.yml",
   "ftype": "file",
   "chksum_type": "sha256",
   "chksum_sha256": "f4adbb5b1da168dea98a8fd85d5a4b109c346b3deed95cfd06f160c5db4ce927",
   "format": 1
  },
  {
   "name": "docs",
   "ftype": "dir",
   "chksum_type": null,
   "chksum_sha256": null,
   "format": 1
  },
  {
   "name": "docs/cyberark_account.md",
   "ftype": "file",
   "chksum_type": "sha256",
   "chksum_sha256": "e6cc9b8071b126d37c1be152ccad42ca7463a44f2211c244ba51e9ebc0b731af",
   "format": 1
  },
  {
   "name": "docs/cyberark_authentication.md",
   "ftype": "file",
   "chksum_type": "sha256",
   "chksum_sha256": "e84f1f9c378bdd251d8f38b4bbb71de66dce9c4b50385472fe2e2875739fc01d",
   "format": 1
  },
  {
   "name": "docs/cyberark_credential.md",
   "ftype": "file",
   "chksum_type": "sha256",
   "chksum_sha256": "8b6f65400e7a4eede87eea4bf78e44093715b640c83e52ec1db73c848321bf25",
   "format": 1
  },
  {
   "name": "docs/cyberark_user.md",
   "ftype": "file",
   "chksum_type": "sha256",
   "chksum_sha256": "3603085686d4db88a033acfa92d0f801bc8da65fc75d40b47b93ea0ca01c2090",
   "format": 1
  },
  {
   "name": "docs/images",
   "ftype": "dir",
   "chksum_type": null,
   "chksum_sha256": null,
   "format": 1
  },
  {
   "name": "docs/images/cyberark_logo.jpg",
   "ftype": "file",
   "chksum_type": "sha256",
   "chksum_sha256": "535e69685a6e58c210d685abe0fb4f8990bdca029ef41f30c130000f9a596631",
   "format": 1
  },
  {
   "name": "docs/images/full-cyberark-logo.jpg",
   "ftype": "file",
   "chksum_type": "sha256",
   "chksum_sha256": "5d910c2159e7caded5286414d0329d7e0f084676fcb80610efffa5be7214452b",
   "format": 1
  },
  {
   "name": "docs/images/platform_account_properties.JPG",
   "ftype": "file",
   "chksum_type": "sha256",
   "chksum_sha256": "82e22cb050df050bd5af8680d341f61d48beafbf9c30cb40fe994c684151d8d4",
   "format": 1
  },
  {
   "name": "meta",
   "ftype": "dir",
   "chksum_type": null,
   "chksum_sha256": null,
   "format": 1
  },
  {
   "name": "meta/runtime.yml",
   "ftype": "file",
   "chksum_type": "sha256",
   "chksum_sha256": "db1dfe098d05c998eb62c32cf99d3b7bbf93afc0a1f0b4704b024eaa7c7b6848",
   "format": 1
  },
  {
   "name": "plugins",
   "ftype": "dir",
   "chksum_type": null,
   "chksum_sha256": null,
   "format": 1
  },
  {
   "name": "plugins/modules",
   "ftype": "dir",
   "chksum_type": null,
   "chksum_sha256": null,
   "format": 1
  },
  {
   "name": "plugins/modules/cyberark_account.py",
   "ftype": "file",
   "chksum_type": "sha256",
   "chksum_sha256": "5c192632d8e6c8f99772b35843767f81667f29d1b2b4fbdf0da7262de08b88b5",
   "format": 1
  },
  {
   "name": "plugins/modules/cyberark_authentication.py",
   "ftype": "file",
   "chksum_type": "sha256",
   "chksum_sha256": "27f87fd1bd9652cf133c46e3364b7b1b94caee2f98d4ce81fbd543856a42f3a2",
   "format": 1
  },
  {
   "name": "plugins/modules/cyberark_credential.py",
   "ftype": "file",
   "chksum_type": "sha256",
   "chksum_sha256": "1141a5c063c5d5b11164a9fc06b2445a100a1e03debcb9736c741388e8a371f2",
   "format": 1
  },
  {
   "name": "plugins/modules/cyberark_user.py",
   "ftype": "file",
   "chksum_type": "sha256",
   "chksum_sha256": "2b56765cebf9b0aab3b77d317043a66858e9a3afa5174aaafe87a4d44c802382",
   "format": 1
  },
  {
   "name": "tests",
   "ftype": "dir",
   "chksum_type": null,
   "chksum_sha256": null,
   "format": 1
  },
  {
   "name": "tests/change_test.yml",
   "ftype": "file",
   "chksum_type": "sha256",
   "chksum_sha256": "ade187fe39cb5d204e4a9f0157140a4490f4384d5a443cc834e6eba857a65052",
   "format": 1
  },
  {
   "name": "tests/changepolicy.yml",
   "ftype": "file",
   "chksum_type": "sha256",
   "chksum_sha256": "fb4ea3f8c3c322426eac081abc4eb86f0b997f17507451e1f5a064d2e23ce54a",
   "format": 1
  },
  {
   "name": "tests/deprovision_account.yml",
   "ftype": "file",
   "chksum_type": "sha256",
   "chksum_sha256": "56ce44093120aba1256a85956749990b0a4ef462052718fa7b22ad3fb0594150",
   "format": 1
  },
  {
   "name": "tests/deprovision_user.yml",
   "ftype": "file",
   "chksum_type": "sha256",
   "chksum_sha256": "8a9f1dc3ff7a408f0b130160a8e78c401b6e2514c8ee773df75bbc594bd40332",
   "format": 1
  },
  {
   "name": "tests/disable_user.yml",
   "ftype": "file",
   "chksum_type": "sha256",
   "chksum_sha256": "d194efba14794c5c24125eb99805d519e8d12e5639312afe5f0d2ee2210e30e2",
   "format": 1
  },
  {
   "name": "tests/enable_user.yml",
   "ftype": "file",
   "chksum_type": "sha256",
   "chksum_sha256": "2e2663f92ccbc4b660a4a02e51d3f0e8ad7d18ed09ba48df6c233844c33f994d",
   "format": 1
  },
  {
   "name": "tests/provision_account.yml",
   "ftype": "file",
   "chksum_type": "sha256",
   "chksum_sha256": "a8783ddd86efbad3b3764ed15eadbe74feca848e412baf6a6bb816a334fc3498",
   "format": 1
  },
  {
   "name": "tests/provision_user.yml",
   "ftype": "file",
   "chksum_type": "sha256",
   "chksum_sha256": "ef66351da4a194e922679fd7b8338ce4997841996f7adb9792ffc24d7fa5e58a",
   "format": 1
  },
  {
   "name": "tests/reset_user_password.yml",
   "ftype": "file",
   "chksum_type": "sha256",
   "chksum_sha256": "fdbc326414f4dfd2a546fc473bf4aeff8c8081fefbe82635473b22e07f165632",
   "format": 1
  },
  {
   "name": "tests/test.yml",
   "ftype": "file",
   "chksum_type": "sha256",
   "chksum_sha256": "a84d2ad562594a7291bea6414d48431ceb4cea94a91e235b74acf5902582e667",
   "format": 1
  }
 ],
 "format": 1
}