﻿{"paragraphs":[{"text":"%pyspark\nimport csv\n\n\ntarget_path = '/home/zeppelin/cryptodata/etheur.csv'\n\n\nfield_names = ['high', 'last', 'timestamp', 'bid', 'vwap', 'volume', 'low', 'ask', 'open' ]\n\n\n\n\nwith open(target_path, 'w') as f :\n    csv_writer = csv.writer(f)\n    csv_writer.writerow(field_names)","user":"admin","dateUpdated":"2019-06-25T14:36:23+0200","config":{"colWidth":12,"fontSize":9,"enabled":true,"results":{},"editorSetting":{"language":"python","editOnDblClick":false,"completionKey":"TAB","completionSupport":true},"editorMode":"ace/mode/python"},"settings":{"params":{},"forms":{}},"results":{"code":"SUCCESS","msg":[{"type":"TEXT","data":"50\n"}]},"apps":[],"jobName":"paragraph_1561367445307_732622667","id":"20190624-111045_1282171190","dateCreated":"2019-06-24T11:10:45+0200","dateStarted":"2019-06-25T14:36:24+0200","dateFinished":"2019-06-25T14:36:54+0200","status":"FINISHED","progressUpdateIntervalMs":500,"focus":true,"$$hashKey":"object:55"},{"text":"%pyspark\n\nimport sys\nimport time\nimport json\nimport csv\nfrom pyspark.sql.functions import *\nimport requests\n\n\n\ntarget_path = '/home/zeppelin/cryptodata/etheur.csv'\n\n        \n        \n\napi_base = 'https://www.bitstamp.net/api/v2/ticker_hour/'\n\ncurrency_pair = 'etheur'\n\n\ndef write_row(json_data):\n    row = [ v for k, v  in json_data.items() ]\n    with open(target_path, 'a') as f:\n        csv_writer = csv.writer(f)\n        csv_writer.writerow(row)\n\n\nwhile True:\n    res = requests.get(api_base + currency_pair)\n    json_data = json.loads(res.text)\n    print (json_data)\n    write_row(json_data)\n    time.sleep(60)\n","user":"admin","dateUpdated":"2019-06-24T15:19:37+0200","config":{"colWidth":12,"fontSize":9,"enabled":true,"results":{},"editorSetting":{"language":"python","editOnDblClick":false,"completionKey":"TAB","completionSupport":true},"editorMode":"ace/mode/python"},"settings":{"params":{},"forms":{}},"results":{"code":"ERROR","msg":[{"type":"TEXT","data":"{'high': '272.74', 'last': '272.45', 'timestamp': '1561382395', 'bid': '271.87', 'vwap': '272.28', 'volume': '44.03050224', 'low': '271.45', 'ask': '272.51', 'open': '271.45'}\n{'high': '272.74', 'last': '272.52', 'timestamp': '1561382456', 'bid': '271.71', 'vwap': '272.28', 'volume': '44.94528581', 'low': '271.45', 'ask': '272.41', 'open': '271.45'}\n{'high': '272.74', 'last': '272.41', 'timestamp': '1561382526', 'bid': '271.63', 'vwap': '272.31', 'volume': '60.05617779', 'low': '271.45', 'ask': '272.39', 'open': '271.45'}\n{'high': '272.74', 'last': '272.09', 'timestamp': '1561382586', 'bid': '271.26', 'vwap': '272.24', 'volume': '119.88150476', 'low': '271.45', 'ask': '272.08', 'open': '271.45'}\n{'high': '272.74', 'last': '272.09', 'timestamp': '1561382656', 'bid': '271.35', 'vwap': '272.24', 'volume': '119.88150476', 'low': '271.45', 'ask': '272.04', 'open': '271.45'}\n{'high': '272.74', 'last': '272.01', 'timestamp': '1561382716', 'bid': '271.17', 'vwap': '272.23', 'volume': '122.91881035', 'low': '271.35', 'ask': '272.00', 'open': '271.45'}\n{'high': '272.74', 'last': '272.14', 'timestamp': '1561382786', 'bid': '271.52', 'vwap': '272.22', 'volume': '130.87581035', 'low': '271.35', 'ask': '272.15', 'open': '271.45'}\n{'high': '272.74', 'last': '272.14', 'timestamp': '1561382847', 'bid': '271.39', 'vwap': '272.22', 'volume': '131.01584856', 'low': '271.35', 'ask': '272.14', 'open': '271.45'}\n{'high': '272.74', 'last': '271.83', 'timestamp': '1561382916', 'bid': '271.21', 'vwap': '272.20', 'volume': '138.01487613', 'low': '271.35', 'ask': '271.83', 'open': '271.45'}\n{'high': '272.74', 'last': '271.83', 'timestamp': '1561382977', 'bid': '271.03', 'vwap': '272.20', 'volume': '138.01487613', 'low': '271.35', 'ask': '271.67', 'open': '271.45'}\n{'high': '272.74', 'last': '271.00', 'timestamp': '1561383047', 'bid': '271.01', 'vwap': '272.15', 'volume': '145.00787613', 'low': '271.00', 'ask': '271.58', 'open': '271.45'}\n{'high': '272.74', 'last': '271.00', 'timestamp': '1561383107', 'bid': '271.18', 'vwap': '272.15', 'volume': '145.00787613', 'low': '271.00', 'ask': '271.84', 'open': '271.45'}\n{'high': '272.74', 'last': '271.00', 'timestamp': '1561383177', 'bid': '271.18', 'vwap': '272.15', 'volume': '145.00787613', 'low': '271.00', 'ask': '271.85', 'open': '271.45'}\n{'high': '272.74', 'last': '271.00', 'timestamp': '1561383237', 'bid': '271.16', 'vwap': '272.15', 'volume': '145.00787613', 'low': '271.00', 'ask': '271.77', 'open': '271.45'}\n{'high': '272.74', 'last': '271.02', 'timestamp': '1561383307', 'bid': '271.05', 'vwap': '272.14', 'volume': '145.40787613', 'low': '271.00', 'ask': '271.80', 'open': '271.45'}\n{'high': '272.74', 'last': '270.70', 'timestamp': '1561383368', 'bid': '270.59', 'vwap': '272.14', 'volume': '145.97909276', 'low': '270.70', 'ask': '271.31', 'open': '271.45'}\n{'high': '272.74', 'last': '271.12', 'timestamp': '1561383438', 'bid': '270.57', 'vwap': '272.02', 'volume': '164.27182652', 'low': '270.70', 'ask': '271.00', 'open': '271.45'}\n{'high': '272.74', 'last': '271.12', 'timestamp': '1561383498', 'bid': '270.71', 'vwap': '272.02', 'volume': '164.27182652', 'low': '270.70', 'ask': '271.45', 'open': '271.45'}\n{'high': '272.74', 'last': '271.12', 'timestamp': '1561383568', 'bid': '270.67', 'vwap': '272.02', 'volume': '164.27182652', 'low': '270.70', 'ask': '271.45', 'open': '271.45'}\n{'high': '272.74', 'last': '271.45', 'timestamp': '1561383628', 'bid': '270.67', 'vwap': '272.01', 'volume': '168.97761448', 'low': '270.70', 'ask': '271.40', 'open': '271.45'}\n{'high': '272.74', 'last': '271.34', 'timestamp': '1561383699', 'bid': '270.69', 'vwap': '272.01', 'volume': '169.23367296', 'low': '270.70', 'ask': '271.35', 'open': '271.45'}\n{'high': '272.74', 'last': '271.34', 'timestamp': '1561383759', 'bid': '270.69', 'vwap': '272.01', 'volume': '169.23367296', 'low': '270.70', 'ask': '271.35', 'open': '271.45'}\n{'high': '272.74', 'last': '270.80', 'timestamp': '1561383828', 'bid': '270.83', 'vwap': '271.97', 'volume': '178.32947075', 'low': '270.70', 'ask': '271.59', 'open': '271.45'}\n{'high': '272.74', 'last': '270.83', 'timestamp': '1561383889', 'bid': '270.73', 'vwap': '271.97', 'volume': '178.47339812', 'low': '270.70', 'ask': '271.29', 'open': '271.45'}\n{'high': '272.74', 'last': '270.56', 'timestamp': '1561383959', 'bid': '270.56', 'vwap': '271.96', 'volume': '180.24338925', 'low': '270.56', 'ask': '271.02', 'open': '271.45'}\n{'high': '272.74', 'last': '270.56', 'timestamp': '1561384019', 'bid': '270.71', 'vwap': '271.96', 'volume': '180.24338925', 'low': '270.56', 'ask': '271.40', 'open': '271.45'}\n{'high': '272.74', 'last': '270.75', 'timestamp': '1561384089', 'bid': '270.74', 'vwap': '271.93', 'volume': '185.24338925', 'low': '270.56', 'ask': '271.49', 'open': '271.45'}\n{'high': '272.74', 'last': '270.75', 'timestamp': '1561384149', 'bid': '270.76', 'vwap': '271.93', 'volume': '185.24338925', 'low': '270.56', 'ask': '271.49', 'open': '271.45'}\n{'high': '272.74', 'last': '271.47', 'timestamp': '1561384219', 'bid': '270.76', 'vwap': '271.91', 'volume': '192.86568917', 'low': '270.56', 'ask': '271.44', 'open': '271.45'}\n{'high': '272.74', 'last': '270.75', 'timestamp': '1561384279', 'bid': '270.67', 'vwap': '271.90', 'volume': '193.87998917', 'low': '270.56', 'ask': '271.21', 'open': '271.45'}\n{'high': '272.74', 'last': '271.21', 'timestamp': '1561384350', 'bid': '270.59', 'vwap': '271.89', 'volume': '196.07691585', 'low': '270.56', 'ask': '271.21', 'open': '271.45'}\n{'high': '272.74', 'last': '271.21', 'timestamp': '1561384410', 'bid': '270.59', 'vwap': '271.89', 'volume': '196.15011048', 'low': '270.56', 'ask': '271.20', 'open': '271.45'}\n{'high': '272.74', 'last': '271.19', 'timestamp': '1561384480', 'bid': '270.75', 'vwap': '271.83', 'volume': '215.46092577', 'low': '270.56', 'ask': '271.18', 'open': '271.45'}\n{'high': '272.74', 'last': '271.19', 'timestamp': '1561384540', 'bid': '270.77', 'vwap': '271.83', 'volume': '215.46092577', 'low': '270.56', 'ask': '271.38', 'open': '271.45'}\n{'high': '272.74', 'last': '271.38', 'timestamp': '1561384610', 'bid': '270.77', 'vwap': '271.83', 'volume': '215.96709582', 'low': '270.56', 'ask': '271.37', 'open': '271.45'}\n{'high': '272.74', 'last': '271.38', 'timestamp': '1561384670', 'bid': '270.80', 'vwap': '271.83', 'volume': '215.96709582', 'low': '270.56', 'ask': '271.00', 'open': '271.45'}\n{'high': '272.74', 'last': '270.95', 'timestamp': '1561384741', 'bid': '270.72', 'vwap': '271.77', 'volume': '230.30647624', 'low': '270.56', 'ask': '270.95', 'open': '271.45'}\n{'high': '0.00', 'last': '271.06', 'timestamp': '1561384800', 'bid': '270.60', 'vwap': '0.00', 'volume': '0.00000000', 'low': '0.00', 'ask': '271.19', 'open': '0.00'}\n{'high': '271.71', 'last': '271.04', 'timestamp': '1561384871', 'bid': '271.11', 'vwap': '271.22', 'volume': '35.36146431', 'low': '271.04', 'ask': '271.77', 'open': '271.19'}\n{'high': '271.71', 'last': '271.04', 'timestamp': '1561384931', 'bid': '271.05', 'vwap': '271.22', 'volume': '35.36146431', 'low': '271.04', 'ask': '271.82', 'open': '271.19'}\n{'high': '271.71', 'last': '271.04', 'timestamp': '1561385001', 'bid': '271.24', 'vwap': '271.22', 'volume': '35.36146431', 'low': '271.04', 'ask': '272.12', 'open': '271.19'}\n{'high': '272.10', 'last': '272.10', 'timestamp': '1561385061', 'bid': '271.28', 'vwap': '271.22', 'volume': '35.45349732', 'low': '271.04', 'ask': '272.03', 'open': '271.19'}\n{'high': '272.10', 'last': '271.14', 'timestamp': '1561385132', 'bid': '271.11', 'vwap': '271.26', 'volume': '38.35356384', 'low': '271.04', 'ask': '271.79', 'open': '271.19'}\n{'high': '272.10', 'last': '271.79', 'timestamp': '1561385192', 'bid': '271.11', 'vwap': '271.26', 'volume': '38.61390232', 'low': '271.04', 'ask': '271.79', 'open': '271.19'}\n{'high': '272.10', 'last': '271.78', 'timestamp': '1561385262', 'bid': '271.14', 'vwap': '271.27', 'volume': '39.92454223', 'low': '271.04', 'ask': '271.74', 'open': '271.19'}\n{'high': '272.10', 'last': '271.79', 'timestamp': '1561385322', 'bid': '271.25', 'vwap': '271.30', 'volume': '42.22597913', 'low': '271.04', 'ask': '271.78', 'open': '271.19'}\n{'high': '272.10', 'last': '271.79', 'timestamp': '1561385393', 'bid': '271.20', 'vwap': '271.30', 'volume': '42.22597913', 'low': '271.04', 'ask': '271.68', 'open': '271.19'}\n{'high': '272.10', 'last': '271.65', 'timestamp': '1561385453', 'bid': '271.20', 'vwap': '271.30', 'volume': '42.55644112', 'low': '271.04', 'ask': '271.55', 'open': '271.19'}\n{'high': '272.10', 'last': '271.20', 'timestamp': '1561385522', 'bid': '270.85', 'vwap': '271.30', 'volume': '42.59168960', 'low': '271.04', 'ask': '271.38', 'open': '271.19'}\n{'high': '272.10', 'last': '271.20', 'timestamp': '1561385582', 'bid': '270.85', 'vwap': '271.30', 'volume': '42.59168960', 'low': '271.04', 'ask': '271.38', 'open': '271.19'}\n{'high': '272.10', 'last': '271.66', 'timestamp': '1561385653', 'bid': '271.12', 'vwap': '271.34', 'volume': '47.57697881', 'low': '271.04', 'ask': '271.66', 'open': '271.19'}\n{'high': '272.10', 'last': '271.66', 'timestamp': '1561385712', 'bid': '271.15', 'vwap': '271.34', 'volume': '47.57697881', 'low': '271.04', 'ask': '271.66', 'open': '271.19'}\n{'high': '272.10', 'last': '271.66', 'timestamp': '1561385783', 'bid': '270.97', 'vwap': '271.34', 'volume': '47.57697881', 'low': '271.04', 'ask': '271.66', 'open': '271.19'}\n{'high': '272.10', 'last': '271.66', 'timestamp': '1561385844', 'bid': '270.97', 'vwap': '271.34', 'volume': '47.65005219', 'low': '271.04', 'ask': '271.66', 'open': '271.19'}\n{'high': '272.10', 'last': '271.66', 'timestamp': '1561385913', 'bid': '271.02', 'vwap': '271.34', 'volume': '47.65005219', 'low': '271.04', 'ask': '271.66', 'open': '271.19'}\n{'high': '272.18', 'last': '272.18', 'timestamp': '1561385974', 'bid': '271.70', 'vwap': '271.42', 'volume': '53.79486459', 'low': '271.04', 'ask': '272.17', 'open': '271.19'}\n{'high': '272.18', 'last': '272.18', 'timestamp': '1561386043', 'bid': '271.76', 'vwap': '271.42', 'volume': '53.79486459', 'low': '271.04', 'ask': '272.19', 'open': '271.19'}\n{'high': '272.19', 'last': '272.19', 'timestamp': '1561386104', 'bid': '271.57', 'vwap': '271.44', 'volume': '54.79703816', 'low': '271.04', 'ask': '272.25', 'open': '271.19'}\n{'high': '272.26', 'last': '272.26', 'timestamp': '1561386174', 'bid': '271.59', 'vwap': '271.44', 'volume': '55.25498277', 'low': '271.04', 'ask': '272.25', 'open': '271.19'}\n{'high': '272.26', 'last': '271.79', 'timestamp': '1561386234', 'bid': '271.72', 'vwap': '271.45', 'volume': '56.40292777', 'low': '271.04', 'ask': '272.54', 'open': '271.19'}\n{'high': '272.53', 'last': '272.53', 'timestamp': '1561386305', 'bid': '271.72', 'vwap': '271.49', 'volume': '58.40034907', 'low': '271.04', 'ask': '272.52', 'open': '271.19'}\n{'high': '272.53', 'last': '272.53', 'timestamp': '1561386365', 'bid': '271.51', 'vwap': '271.49', 'volume': '58.40034907', 'low': '271.04', 'ask': '272.22', 'open': '271.19'}\n{'high': '272.53', 'last': '271.54', 'timestamp': '1561386435', 'bid': '271.65', 'vwap': '271.49', 'volume': '58.70034907', 'low': '271.04', 'ask': '272.22', 'open': '271.19'}\n{'high': '272.53', 'last': '271.53', 'timestamp': '1561386494', 'bid': '271.53', 'vwap': '271.50', 'volume': '59.94900216', 'low': '271.04', 'ask': '272.15', 'open': '271.19'}\n{'high': '272.53', 'last': '272.11', 'timestamp': '1561386566', 'bid': '271.52', 'vwap': '271.51', 'volume': '77.28373898', 'low': '271.04', 'ask': '272.19', 'open': '271.19'}\n{'high': '272.53', 'last': '272.19', 'timestamp': '1561386626', 'bid': '271.52', 'vwap': '271.51', 'volume': '78.28373898', 'low': '271.04', 'ask': '272.22', 'open': '271.19'}\n{'high': '272.53', 'last': '271.64', 'timestamp': '1561386696', 'bid': '271.64', 'vwap': '271.51', 'volume': '78.50628868', 'low': '271.04', 'ask': '272.32', 'open': '271.19'}\n{'high': '272.53', 'last': '271.64', 'timestamp': '1561386756', 'bid': '271.64', 'vwap': '271.52', 'volume': '79.36622566', 'low': '271.04', 'ask': '272.32', 'open': '271.19'}\n{'high': '272.53', 'last': '271.64', 'timestamp': '1561386825', 'bid': '271.79', 'vwap': '271.52', 'volume': '79.85802095', 'low': '271.04', 'ask': '272.61', 'open': '271.19'}\n{'high': '272.53', 'last': '271.64', 'timestamp': '1561386886', 'bid': '271.79', 'vwap': '271.52', 'volume': '79.85802095', 'low': '271.04', 'ask': '272.55', 'open': '271.19'}\n{'high': '272.53', 'last': '271.64', 'timestamp': '1561386956', 'bid': '271.81', 'vwap': '271.52', 'volume': '79.85802095', 'low': '271.04', 'ask': '272.61', 'open': '271.19'}\n{'high': '272.53', 'last': '271.81', 'timestamp': '1561387017', 'bid': '272.02', 'vwap': '271.52', 'volume': '80.95016297', 'low': '271.04', 'ask': '272.54', 'open': '271.19'}\n{'high': '272.60', 'last': '272.58', 'timestamp': '1561387087', 'bid': '271.88', 'vwap': '271.60', 'volume': '88.43143372', 'low': '271.04', 'ask': '272.31', 'open': '271.19'}\n{'high': '272.60', 'last': '272.58', 'timestamp': '1561387147', 'bid': '271.57', 'vwap': '271.60', 'volume': '88.43143372', 'low': '271.04', 'ask': '271.87', 'open': '271.19'}\n{'high': '272.60', 'last': '272.58', 'timestamp': '1561387217', 'bid': '271.61', 'vwap': '271.60', 'volume': '88.43143372', 'low': '271.04', 'ask': '271.87', 'open': '271.19'}\n{'high': '272.60', 'last': '272.58', 'timestamp': '1561387277', 'bid': '271.61', 'vwap': '271.60', 'volume': '88.43143372', 'low': '271.04', 'ask': '271.87', 'open': '271.19'}\n{'high': '272.60', 'last': '271.87', 'timestamp': '1561387347', 'bid': '271.42', 'vwap': '271.60', 'volume': '88.46794219', 'low': '271.04', 'ask': '271.87', 'open': '271.19'}\n{'high': '272.60', 'last': '271.87', 'timestamp': '1561387407', 'bid': '270.87', 'vwap': '271.60', 'volume': '88.46794219', 'low': '271.04', 'ask': '271.40', 'open': '271.19'}\n{'high': '272.60', 'last': '271.40', 'timestamp': '1561387477', 'bid': '270.96', 'vwap': '271.56', 'volume': '108.76194219', 'low': '271.04', 'ask': '271.54', 'open': '271.19'}\n{'high': '272.60', 'last': '271.40', 'timestamp': '1561387538', 'bid': '270.66', 'vwap': '271.56', 'volume': '108.76194219', 'low': '271.04', 'ask': '271.20', 'open': '271.19'}\n{'high': '272.60', 'last': '271.21', 'timestamp': '1561387607', 'bid': '271.03', 'vwap': '271.52', 'volume': '123.78194219', 'low': '271.04', 'ask': '271.56', 'open': '271.19'}\n{'high': '272.60', 'last': '271.57', 'timestamp': '1561387668', 'bid': '271.04', 'vwap': '271.52', 'volume': '124.98578250', 'low': '271.04', 'ask': '271.57', 'open': '271.19'}\n{'high': '272.60', 'last': '271.57', 'timestamp': '1561387738', 'bid': '271.06', 'vwap': '271.52', 'volume': '129.52814726', 'low': '271.04', 'ask': '271.57', 'open': '271.19'}\n{'high': '272.60', 'last': '271.57', 'timestamp': '1561387798', 'bid': '271.21', 'vwap': '271.52', 'volume': '129.52814726', 'low': '271.04', 'ask': '271.57', 'open': '271.19'}\n{'high': '272.60', 'last': '271.57', 'timestamp': '1561387868', 'bid': '271.20', 'vwap': '271.52', 'volume': '129.52814726', 'low': '271.04', 'ask': '271.75', 'open': '271.19'}\n{'high': '272.60', 'last': '271.57', 'timestamp': '1561387929', 'bid': '271.12', 'vwap': '271.52', 'volume': '129.52814726', 'low': '271.04', 'ask': '271.73', 'open': '271.19'}\n{'high': '272.60', 'last': '271.57', 'timestamp': '1561387998', 'bid': '271.29', 'vwap': '271.52', 'volume': '129.52814726', 'low': '271.04', 'ask': '271.73', 'open': '271.19'}\n{'high': '272.60', 'last': '271.57', 'timestamp': '1561388058', 'bid': '271.21', 'vwap': '271.52', 'volume': '129.52814726', 'low': '271.04', 'ask': '271.57', 'open': '271.19'}\n{'high': '272.60', 'last': '271.57', 'timestamp': '1561388129', 'bid': '271.24', 'vwap': '271.52', 'volume': '129.52814726', 'low': '271.04', 'ask': '271.57', 'open': '271.19'}\n{'high': '272.60', 'last': '271.95', 'timestamp': '1561388188', 'bid': '271.33', 'vwap': '271.52', 'volume': '129.88444471', 'low': '271.04', 'ask': '271.94', 'open': '271.19'}\n{'high': '272.60', 'last': '271.93', 'timestamp': '1561388259', 'bid': '271.35', 'vwap': '271.52', 'volume': '134.22291674', 'low': '271.04', 'ask': '271.94', 'open': '271.19'}\n{'high': '272.60', 'last': '271.93', 'timestamp': '1561388319', 'bid': '271.41', 'vwap': '271.52', 'volume': '134.22291674', 'low': '271.04', 'ask': '271.95', 'open': '271.19'}\n{'high': '272.60', 'last': '271.93', 'timestamp': '1561388389', 'bid': '271.68', 'vwap': '271.52', 'volume': '134.22291674', 'low': '271.04', 'ask': '272.23', 'open': '271.19'}\n{'high': '0.00', 'last': '271.93', 'timestamp': '1561388450', 'bid': '271.53', 'vwap': '0.00', 'volume': '0.00000000', 'low': '0.00', 'ask': '272.24', 'open': '0.00'}\n{'high': '271.53', 'last': '271.53', 'timestamp': '1561388520', 'bid': '271.46', 'vwap': '271.53', 'volume': '0.10000000', 'low': '271.53', 'ask': '272.24', 'open': '271.53'}\n{'high': '271.53', 'last': '271.44', 'timestamp': '1561388580', 'bid': '271.59', 'vwap': '271.44', 'volume': '101.10000000', 'low': '271.44', 'ask': '272.25', 'open': '271.53'}\n{'high': '272.26', 'last': '272.26', 'timestamp': '1561388650', 'bid': '271.69', 'vwap': '271.58', 'volume': '122.36800000', 'low': '271.44', 'ask': '272.22', 'open': '271.53'}\n{'high': '272.26', 'last': '272.26', 'timestamp': '1561388711', 'bid': '271.60', 'vwap': '271.58', 'volume': '122.36800000', 'low': '271.44', 'ask': '272.16', 'open': '271.53'}\n{'high': '272.26', 'last': '272.26', 'timestamp': '1561388780', 'bid': '271.18', 'vwap': '271.58', 'volume': '122.36800000', 'low': '271.44', 'ask': '272.08', 'open': '271.53'}\n{'high': '272.26', 'last': '271.78', 'timestamp': '1561388840', 'bid': '271.02', 'vwap': '271.59', 'volume': '127.36800000', 'low': '271.44', 'ask': '271.52', 'open': '271.53'}\n{'high': '272.26', 'last': '271.09', 'timestamp': '1561388911', 'bid': '270.88', 'vwap': '271.58', 'volume': '129.97025685', 'low': '271.09', 'ask': '271.49', 'open': '271.53'}\n{'high': '272.26', 'last': '271.09', 'timestamp': '1561388971', 'bid': '270.78', 'vwap': '271.58', 'volume': '129.97025685', 'low': '271.09', 'ask': '271.20', 'open': '271.53'}\n{'high': '272.26', 'last': '271.48', 'timestamp': '1561389041', 'bid': '270.87', 'vwap': '271.58', 'volume': '130.41345526', 'low': '271.09', 'ask': '271.48', 'open': '271.53'}\n{'high': '272.26', 'last': '271.48', 'timestamp': '1561389101', 'bid': '271.20', 'vwap': '271.58', 'volume': '130.41345526', 'low': '271.09', 'ask': '271.49', 'open': '271.53'}\n{'high': '272.26', 'last': '270.94', 'timestamp': '1561389172', 'bid': '270.98', 'vwap': '271.58', 'volume': '132.48548036', 'low': '270.94', 'ask': '271.49', 'open': '271.53'}\n{'high': '272.26', 'last': '271.49', 'timestamp': '1561389231', 'bid': '271.03', 'vwap': '271.58', 'volume': '132.52231413', 'low': '270.94', 'ask': '271.48', 'open': '271.53'}\n{'high': '272.26', 'last': '271.49', 'timestamp': '1561389302', 'bid': '271.10', 'vwap': '271.58', 'volume': '132.82810914', 'low': '270.94', 'ask': '271.69', 'open': '271.53'}\n{'high': '272.26', 'last': '271.49', 'timestamp': '1561389361', 'bid': '271.09', 'vwap': '271.58', 'volume': '132.82810914', 'low': '270.94', 'ask': '271.67', 'open': '271.53'}\n{'high': '272.26', 'last': '271.49', 'timestamp': '1561389432', 'bid': '271.00', 'vwap': '271.58', 'volume': '132.82810914', 'low': '270.94', 'ask': '271.35', 'open': '271.53'}\n{'high': '272.26', 'last': '271.01', 'timestamp': '1561389492', 'bid': '271.02', 'vwap': '271.57', 'volume': '133.96672955', 'low': '270.94', 'ask': '271.38', 'open': '271.53'}\n{'high': '272.26', 'last': '271.03', 'timestamp': '1561389562', 'bid': '271.05', 'vwap': '271.57', 'volume': '136.42368150', 'low': '270.94', 'ask': '271.64', 'open': '271.53'}\n"},{"type":"TEXT","data":"Fail to execute line 32:     time.sleep(60)\nTraceback (most recent call last):\n  File \"/tmp/zeppelin_pyspark-1372066980910572460.py\", line 380, in <module>\n    exec(code, _zcUserQueryNameSpace)\n  File \"<stdin>\", line 32, in <module>\n  File \"/usr/hdp/current/spark2-client/python/lib/pyspark.zip/pyspark/context.py\", line 261, in signal_handler\n    raise KeyboardInterrupt()\nKeyboardInterrupt\n"}]},"apps":[],"jobName":"paragraph_1561365901263_-200961908","id":"20190624-104501_1952968510","dateCreated":"2019-06-24T10:45:01+0200","dateStarted":"2019-06-24T15:19:37+0200","dateFinished":"2019-06-24T17:19:42+0200","status":"ABORT","progressUpdateIntervalMs":500,"$$hashKey":"object:56"},{"text":"%pyspark\n\n\nfrom pyspark.sql.functions import *\n\n\ntarget_path = '/tmp/cryptodata/etheur.csv'\n\n\neth_df = spark.read.csv(target_path, header=True, inferSchema=True)\n\neth_df.cache()\n\n\n","user":"admin","dateUpdated":"2019-06-25T14:37:05+0200","config":{"colWidth":12,"fontSize":9,"enabled":true,"results":{},"editorSetting":{"language":"python","editOnDblClick":false,"completionKey":"TAB","completionSupport":true},"editorMode":"ace/mode/python"},"settings":{"params":{},"forms":{}},"results":{"code":"SUCCESS","msg":[{"type":"TEXT","data":"DataFrame[high: double, last: double, timestamp: int, bid: double, vwap: double, volume: double, low: double, ask: double, open: double]\n"}]},"apps":[],"jobName":"paragraph_1561365905525_1517707220","id":"20190624-104505_404091255","dateCreated":"2019-06-24T10:45:05+0200","dateStarted":"2019-06-25T14:37:05+0200","dateFinished":"2019-06-25T14:37:16+0200","status":"FINISHED","progressUpdateIntervalMs":500,"$$hashKey":"object:57"},{"text":"%pyspark\n\nfrom pyspark.sql.types import *\n\n\ntimeFormat = 'dd-MM--yyyy HH:mm:ss'\n\neth_df  = eth_df.withColumn('date',    date_format(eth_df['timestamp'].cast( TimestampType()  )   , timeFormat)                            )\neth_df = eth_df.withColumn('date',   unix_timestamp(col('date'), timeFormat) .cast(TimestampType()))\n\neth_df = eth_df.withColumn('hour', hour(col('date')))\neth_df = eth_df.withColumn('min', minute(col('date')))\neth_df = eth_df.withColumn('sec', second(col('date')))\n#Dy too\n#eth_df = eth_df.withColumn( 'date',  to_timestamp( col('date'), timeFormat    )  )\neth_df.show(5)","user":"admin","dateUpdated":"2019-06-25T14:37:20+0200","config":{"colWidth":12,"fontSize":9,"enabled":true,"results":{},"editorSetting":{"language":"python","editOnDblClick":false,"completionKey":"TAB","completionSupport":true},"editorMode":"ace/mode/python"},"settings":{"params":{},"forms":{}},"results":{"code":"SUCCESS","msg":[{"type":"TEXT","data":"+------+------+----------+------+------+------------+------+------+------+-------------------+----+---+---+\n|  high|  last| timestamp|   bid|  vwap|      volume|   low|   ask|  open|               date|hour|min|sec|\n+------+------+----------+------+------+------------+------+------+------+-------------------+----+---+---+\n|270.88|269.67|1561368327|269.32|270.18| 73.81123378|269.31|269.65|270.76|2019-06-24 11:25:27|  11| 25| 27|\n|270.88|269.32|1561368397|269.14|270.17| 74.69123915|269.31|269.69|270.76|2019-06-24 11:26:37|  11| 26| 37|\n|270.88|269.65|1561368457|269.22|270.16|  75.8105992|269.16|269.66|270.76|2019-06-24 11:27:37|  11| 27| 37|\n| 271.4|270.47|1561368527| 270.4|270.35|185.98169367|269.16|271.28|270.76|2019-06-24 11:28:47|  11| 28| 47|\n| 271.4|270.47|1561368587|270.39|270.35|185.98169367|269.16|271.33|270.76|2019-06-24 11:29:47|  11| 29| 47|\n+------+------+----------+------+------+------------+------+------+------+-------------------+----+---+---+\nonly showing top 5 rows\n\n"}]},"apps":[],"jobName":"paragraph_1561366980616_-53436711","id":"20190624-110300_1029253107","dateCreated":"2019-06-24T11:03:00+0200","dateStarted":"2019-06-25T14:37:20+0200","dateFinished":"2019-06-25T14:37:21+0200","status":"FINISHED","progressUpdateIntervalMs":500,"$$hashKey":"object:58"},{"text":"%spark2.sql\nselect hour, max(last) from eth group by hour","user":"admin","dateUpdated":"2019-06-26T10:42:16+0200","config":{"colWidth":12,"fontSize":9,"enabled":true,"results":{"0":{"graph":{"mode":"lineChart","height":300,"optionOpen":false,"setting":{"table":{"tableGridState":{},"tableColumnTypeState":{"names":{"hour":"string","max(last)":"string"},"updated":false},"tableOptionSpecHash":"[{\"name\":\"useFilter\",\"valueType\":\"boolean\",\"defaultValue\":false,\"widget\":\"checkbox\",\"description\":\"Enable filter for columns\"},{\"name\":\"showPagination\",\"valueType\":\"boolean\",\"defaultValue\":false,\"widget\":\"checkbox\",\"description\":\"Enable pagination for better navigation\"},{\"name\":\"showAggregationFooter\",\"valueType\":\"boolean\",\"defaultValue\":false,\"widget\":\"checkbox\",\"description\":\"Enable a footer for displaying aggregated values\"}]","tableOptionValue":{"useFilter":false,"showPagination":false,"showAggregationFooter":false},"updated":false,"initialized":false},"lineChart":{"rotate":{"degree":"-45"},"xLabelStatus":"default"}},"commonSetting":{},"keys":[{"name":"hour","index":0,"aggr":"sum"}],"groups":[],"values":[{"name":"max(last)","index":1,"aggr":"sum"}]},"helium":{}}},"editorSetting":{"language":"sql","editOnDblClick":false,"completionKey":"TAB","completionSupport":true},"editorMode":"ace/mode/sql"},"settings":{"params":{},"forms":{}},"results":{"code":"SUCCESS","msg":[{"type":"TABLE","data":"hour\tmax(last)\n16\t272.58\n15\t272.52\n17\t272.26\n11\t272.18\n14\t272.03\n"},{"type":"TEXT","data":""}]},"apps":[],"jobName":"paragraph_1561466551686_-1129876242","id":"20190625-144231_1855455405","dateCreated":"2019-06-25T14:42:31+0200","dateStarted":"2019-06-25T14:42:39+0200","dateFinished":"2019-06-25T14:42:40+0200","status":"FINISHED","progressUpdateIntervalMs":500,"$$hashKey":"object:59"},{"text":"%pyspark\n\n\neth_df.printSchema()\neth_df.createTempView('eth')","user":"admin","dateUpdated":"2019-06-25T14:37:28+0200","config":{"colWidth":12,"fontSize":9,"enabled":true,"results":{},"editorSetting":{"language":"python","editOnDblClick":false,"completionKey":"TAB","completionSupport":true},"editorMode":"ace/mode/python"},"settings":{"params":{},"forms":{}},"results":{"code":"SUCCESS","msg":[{"type":"TEXT","data":"root\n |-- high: double (nullable = true)\n |-- last: double (nullable = true)\n |-- timestamp: integer (nullable = true)\n |-- bid: double (nullable = true)\n |-- vwap: double (nullable = true)\n |-- volume: double (nullable = true)\n |-- low: double (nullable = true)\n |-- ask: double (nullable = true)\n |-- open: double (nullable = true)\n |-- date: timestamp (nullable = true)\n |-- hour: integer (nullable = true)\n |-- min: integer (nullable = true)\n |-- sec: integer (nullable = true)\n\n"}]},"apps":[],"jobName":"paragraph_1561378966545_455364968","id":"20190624-142246_1138738258","dateCreated":"2019-06-24T14:22:46+0200","dateStarted":"2019-06-25T14:37:28+0200","dateFinished":"2019-06-25T14:37:28+0200","status":"FINISHED","progressUpdateIntervalMs":500,"$$hashKey":"object:60"},{"text":"%pyspark\n","user":"admin","dateUpdated":"2019-06-24T15:01:44+0200","config":{"colWidth":12,"fontSize":9,"enabled":true,"results":{},"editorSetting":{"language":"python","editOnDblClick":false,"completionKey":"TAB","completionSupport":true},"editorMode":"ace/mode/python"},"settings":{"params":{},"forms":{}},"apps":[],"jobName":"paragraph_1561381304180_1878307862","id":"20190624-150144_893222035","dateCreated":"2019-06-24T15:01:44+0200","status":"READY","progressUpdateIntervalMs":500,"$$hashKey":"object:61"}],"name":"CryptoPrediction","id":"2EDQ5Y8KE","noteParams":{},"noteForms":{},"angularObjects":{"spark2:shared_process":[]},"config":{"isZeppelinNotebookCronEnable":false,"looknfeel":"default","personalizedMode":"false"},"info":{}}