﻿{"paragraphs":[{"text":"%pyspark\n\nimport sys, os\nimport re, pprint, csv, time, io\nimport requests\n\n\nprint (sys.version)\n\ntarget = '/home/zeppelin/zepenv/data_sources/'\nbase_api = 'https://data.gouv.fr/api/1/'\ndata_source = 'datasets/base-de-donnees-accidents-corporels-de-la-circulation/'\n\njson_result = requests.get(base_api + data_source).json()\n\nresources = json_result['resources']\n\n\n\ndef make_dir_if_not_exists(path):\n    if not os.path.exists(path):\n        os.mkdir(path)\n\ndef assess_file_name(url):\n    file_name = url.split('/')[-1]\n    re_group = re.search('(vehicules|lieux|usagers|caracteristiques)(-|_)(\\d{4})', file_name)\n\n    is_csv = True if file_name.split('.')[-1]  == 'csv' else False\n\n    is_file_name_correct = True if re_group else False\n\n\n    return ( re_group.group(3), file_name ) if is_csv and is_file_name_correct else None\n\n\n\ndef get_csv_meta(res):\n\n    csv_urls = []\n\n    urls = [item['url'] for item in res]\n    for url in urls:\n        check = assess_file_name(url)\n        if check :\n            csv_urls.append((url, check))\n    return csv_urls\n\n\ndef download_data(metas):\n    global target\n    # urls param is a list consisting of tuples with the first being full csv url, the second is a tuple ( Year, FILENAME.csv)\n    for meta in metas:\n        year = meta[1][0]\n        file_name = meta[1][1]\n        url = meta[0]\n\n        make_dir_if_not_exists(target + year)\n\n\n\n\n\n\n        with open(target + year + '/' + file_name, 'w') as f :\n            print (url)\n            print (target + year + '/' + file_name)\n            r = requests.get(url)\n            r.encoding = 'utf-8'\n\n            f.writelines(r.text)\n\n\n        time.sleep(6)\n\n\n\n# for x in resources:\n#     print (x['url'].split('/')[-1])\n\n\n\n\n\n\n","user":"admin","dateUpdated":"2019-05-24T11:35:37+0200","config":{"colWidth":12,"fontSize":9,"enabled":true,"results":{},"editorSetting":{"language":"python","editOnDblClick":false,"completionKey":"TAB","completionSupport":true},"editorMode":"ace/mode/python"},"settings":{"params":{},"forms":{}},"results":{"code":"SUCCESS","msg":[{"type":"TEXT","data":"3.6.5 |Anaconda, Inc.| (default, Apr 29 2018, 16:14:56) \n[GCC 7.2.0]\n"}]},"apps":[],"jobName":"paragraph_1558688906791_1427762847","id":"20190524-110826_1245592041","dateCreated":"2019-05-24T11:08:26+0200","dateStarted":"2019-05-24T11:35:37+0200","dateFinished":"2019-05-24T11:35:47+0200","status":"FINISHED","progressUpdateIntervalMs":500,"focus":true,"$$hashKey":"object:31"},{"text":"%pyspark\nmetas = get_csv_meta(resources)\n\n# for meta in metas :\n#     if 'caracteristiques' in meta[0]:\n#         print (meta[0])pwd\n\n\ndownload_data(metas)\n","user":"admin","dateUpdated":"2019-05-24T11:40:50+0200","config":{"colWidth":12,"fontSize":9,"enabled":true,"results":{},"editorSetting":{"language":"python","editOnDblClick":false,"completionKey":"TAB","completionSupport":true},"editorMode":"ace/mode/python"},"settings":{"params":{},"forms":{}},"results":{"code":"SUCCESS","msg":[{"type":"TEXT","data":"https://static.data.gouv.fr/resources/base-de-donnees-accidents-corporels-de-la-circulation/20180927-111247/vehicules-2017.csv\n/home/zeppelin/zepenv/data_sources/2017/vehicules-2017.csv\nhttps://static.data.gouv.fr/resources/base-de-donnees-accidents-corporels-de-la-circulation/20180927-111153/usagers-2017.csv\n/home/zeppelin/zepenv/data_sources/2017/usagers-2017.csv\nhttps://static.data.gouv.fr/resources/base-de-donnees-accidents-corporels-de-la-circulation/20180927-111131/lieux-2017.csv\n/home/zeppelin/zepenv/data_sources/2017/lieux-2017.csv\nhttps://static.data.gouv.fr/resources/base-de-donnees-accidents-corporels-de-la-circulation/20180927-111012/caracteristiques-2017.csv\n/home/zeppelin/zepenv/data_sources/2017/caracteristiques-2017.csv\nhttps://www.data.gouv.fr/s/resources/base-de-donnees-accidents-corporels-de-la-circulation/20170915-153958/vehicules_2016.csv\n/home/zeppelin/zepenv/data_sources/2016/vehicules_2016.csv\nhttps://www.data.gouv.fr/s/resources/base-de-donnees-accidents-corporels-de-la-circulation/20170915-153940/usagers_2016.csv\n/home/zeppelin/zepenv/data_sources/2016/usagers_2016.csv\nhttps://www.data.gouv.fr/s/resources/base-de-donnees-accidents-corporels-de-la-circulation/20170915-153921/lieux_2016.csv\n/home/zeppelin/zepenv/data_sources/2016/lieux_2016.csv\nhttps://www.data.gouv.fr/s/resources/base-de-donnees-accidents-corporels-de-la-circulation/20170915-153739/caracteristiques_2016.csv\n/home/zeppelin/zepenv/data_sources/2016/caracteristiques_2016.csv\nhttps://www.data.gouv.fr/s/resources/base-de-donnees-accidents-corporels-de-la-circulation/20161020-154735/vehicules_2015.csv\n/home/zeppelin/zepenv/data_sources/2015/vehicules_2015.csv\nhttps://www.data.gouv.fr/s/resources/base-de-donnees-accidents-corporels-de-la-circulation/20160909-181230/caracteristiques_2015.csv\n/home/zeppelin/zepenv/data_sources/2015/caracteristiques_2015.csv\nhttps://www.data.gouv.fr/s/resources/base-de-donnees-accidents-corporels-de-la-circulation/20160909-181257/lieux_2015.csv\n/home/zeppelin/zepenv/data_sources/2015/lieux_2015.csv\nhttps://www.data.gouv.fr/s/resources/base-de-donnees-accidents-corporels-de-la-circulation/20160909-181344/usagers_2015.csv\n/home/zeppelin/zepenv/data_sources/2015/usagers_2015.csv\nhttps://www.data.gouv.fr/s/resources/base-de-donnees-accidents-corporels-de-la-circulation-sur-6-annees/20150806-153701/caracteristiques_2014.csv\n/home/zeppelin/zepenv/data_sources/2014/caracteristiques_2014.csv\nhttps://www.data.gouv.fr/s/resources/base-de-donnees-accidents-corporels-de-la-circulation-sur-6-annees/20150806-153355/vehicules_2014.csv\n/home/zeppelin/zepenv/data_sources/2014/vehicules_2014.csv\nhttps://www.data.gouv.fr/s/resources/base-de-donnees-accidents-corporels-de-la-circulation-sur-6-annees/20150806-153618/lieux_2014.csv\n/home/zeppelin/zepenv/data_sources/2014/lieux_2014.csv\nhttps://www.data.gouv.fr/s/resources/base-de-donnees-accidents-corporels-de-la-circulation-sur-6-annees/20150806-153501/usagers_2014.csv\n/home/zeppelin/zepenv/data_sources/2014/usagers_2014.csv\nhttps://www.data.gouv.fr/s/resources/base-de-donnees-accidents-corporels-de-la-circulation-sur-6-annees/20150806-154105/caracteristiques_2013.csv\n/home/zeppelin/zepenv/data_sources/2013/caracteristiques_2013.csv\nhttps://www.data.gouv.fr/s/resources/base-de-donnees-accidents-corporels-de-la-circulation-sur-6-annees/20150806-153739/vehicules_2013.csv\n/home/zeppelin/zepenv/data_sources/2013/vehicules_2013.csv\nhttps://www.data.gouv.fr/s/resources/base-de-donnees-accidents-corporels-de-la-circulation-sur-6-annees/20150806-153935/lieux_2013.csv\n/home/zeppelin/zepenv/data_sources/2013/lieux_2013.csv\nhttps://www.data.gouv.fr/s/resources/base-de-donnees-accidents-corporels-de-la-circulation-sur-6-annees/20150806-153902/usagers_2013.csv\n/home/zeppelin/zepenv/data_sources/2013/usagers_2013.csv\nhttps://www.data.gouv.fr/s/resources/base-de-donnees-accidents-corporels-de-la-circulation-sur-6-annees/20150806-154431/caracteristiques_2012.csv\n/home/zeppelin/zepenv/data_sources/2012/caracteristiques_2012.csv\nhttps://www.data.gouv.fr/s/resources/base-de-donnees-accidents-corporels-de-la-circulation-sur-6-annees/20150806-154148/vehicules_2012.csv\n/home/zeppelin/zepenv/data_sources/2012/vehicules_2012.csv\nhttps://www.data.gouv.fr/s/resources/base-de-donnees-accidents-corporels-de-la-circulation-sur-6-annees/20150806-154306/usagers_2012.csv\n/home/zeppelin/zepenv/data_sources/2012/usagers_2012.csv\nhttps://www.data.gouv.fr/s/resources/base-de-donnees-accidents-corporels-de-la-circulation-sur-6-annees/20150806-154334/lieux_2012.csv\n/home/zeppelin/zepenv/data_sources/2012/lieux_2012.csv\nhttps://www.data.gouv.fr/s/resources/base-de-donnees-accidents-corporels-de-la-circulation-sur-6-annees/20150806-154723/caracteristiques_2011.csv\n/home/zeppelin/zepenv/data_sources/2011/caracteristiques_2011.csv\nhttps://www.data.gouv.fr/s/resources/base-de-donnees-accidents-corporels-de-la-circulation-sur-6-annees/20150806-154656/usagers_2011.csv\n/home/zeppelin/zepenv/data_sources/2011/usagers_2011.csv\nhttps://www.data.gouv.fr/s/resources/base-de-donnees-accidents-corporels-de-la-circulation-sur-6-annees/20150806-154842/vehicules_2011.csv\n/home/zeppelin/zepenv/data_sources/2011/vehicules_2011.csv\nhttps://www.data.gouv.fr/s/resources/base-de-donnees-accidents-corporels-de-la-circulation-sur-6-annees/20150806-154632/lieux_2011.csv\n/home/zeppelin/zepenv/data_sources/2011/lieux_2011.csv\nhttps://www.data.gouv.fr/s/resources/base-de-donnees-accidents-corporels-de-la-circulation-sur-6-annees/20150806-155035/caracteristiques_2010.csv\n/home/zeppelin/zepenv/data_sources/2010/caracteristiques_2010.csv\nhttps://www.data.gouv.fr/s/resources/base-de-donnees-accidents-corporels-de-la-circulation-sur-6-annees/20150806-154939/lieux_2010.csv\n/home/zeppelin/zepenv/data_sources/2010/lieux_2010.csv\nhttps://www.data.gouv.fr/s/resources/base-de-donnees-accidents-corporels-de-la-circulation-sur-6-annees/20150806-154916/vehicules_2010.csv\n/home/zeppelin/zepenv/data_sources/2010/vehicules_2010.csv\nhttps://www.data.gouv.fr/s/resources/base-de-donnees-accidents-corporels-de-la-circulation-sur-6-annees/20150806-155001/usagers_2010.csv\n/home/zeppelin/zepenv/data_sources/2010/usagers_2010.csv\nhttps://www.data.gouv.fr/s/resources/base-de-donnees-accidents-corporels-de-la-circulation/20160422-111851/caracteristiques_2009.csv\n/home/zeppelin/zepenv/data_sources/2009/caracteristiques_2009.csv\nhttps://www.data.gouv.fr/s/resources/base-de-donnees-accidents-corporels-de-la-circulation/20160422-112018/lieux_2009.csv\n/home/zeppelin/zepenv/data_sources/2009/lieux_2009.csv\nhttps://www.data.gouv.fr/s/resources/base-de-donnees-accidents-corporels-de-la-circulation/20160422-112123/vehicules_2009.csv\n/home/zeppelin/zepenv/data_sources/2009/vehicules_2009.csv\nhttps://www.data.gouv.fr/s/resources/base-de-donnees-accidents-corporels-de-la-circulation/20160422-112105/usagers_2009.csv\n/home/zeppelin/zepenv/data_sources/2009/usagers_2009.csv\nhttps://www.data.gouv.fr/s/resources/base-de-donnees-accidents-corporels-de-la-circulation/20160909-180939/caracteristiques_2008.csv\n/home/zeppelin/zepenv/data_sources/2008/caracteristiques_2008.csv\nhttps://www.data.gouv.fr/s/resources/base-de-donnees-accidents-corporels-de-la-circulation/20160909-180912/vehicules_2008.csv\n/home/zeppelin/zepenv/data_sources/2008/vehicules_2008.csv\nhttps://www.data.gouv.fr/s/resources/base-de-donnees-accidents-corporels-de-la-circulation/20160909-180838/usagers_2008.csv\n/home/zeppelin/zepenv/data_sources/2008/usagers_2008.csv\nhttps://www.data.gouv.fr/s/resources/base-de-donnees-accidents-corporels-de-la-circulation/20160909-180956/lieux_2008.csv\n/home/zeppelin/zepenv/data_sources/2008/lieux_2008.csv\nhttps://www.data.gouv.fr/s/resources/base-de-donnees-accidents-corporels-de-la-circulation/20160909-180642/caracteristiques_2007.csv\n/home/zeppelin/zepenv/data_sources/2007/caracteristiques_2007.csv\nhttps://www.data.gouv.fr/s/resources/base-de-donnees-accidents-corporels-de-la-circulation/20160909-180604/vehicules_2007.csv\n/home/zeppelin/zepenv/data_sources/2007/vehicules_2007.csv\nhttps://www.data.gouv.fr/s/resources/base-de-donnees-accidents-corporels-de-la-circulation/20160909-180717/lieux_2007.csv\n/home/zeppelin/zepenv/data_sources/2007/lieux_2007.csv\nhttps://www.data.gouv.fr/s/resources/base-de-donnees-accidents-corporels-de-la-circulation/20160909-180535/usagers_2007.csv\n/home/zeppelin/zepenv/data_sources/2007/usagers_2007.csv\nhttps://www.data.gouv.fr/s/resources/base-de-donnees-accidents-corporels-de-la-circulation/20160909-180009/caracteristiques_2006.csv\n/home/zeppelin/zepenv/data_sources/2006/caracteristiques_2006.csv\nhttps://www.data.gouv.fr/s/resources/base-de-donnees-accidents-corporels-de-la-circulation/20160909-180201/lieux_2006.csv\n/home/zeppelin/zepenv/data_sources/2006/lieux_2006.csv\nhttps://www.data.gouv.fr/s/resources/base-de-donnees-accidents-corporels-de-la-circulation/20160909-180143/vehicules_2006.csv\n/home/zeppelin/zepenv/data_sources/2006/vehicules_2006.csv\nhttps://www.data.gouv.fr/s/resources/base-de-donnees-accidents-corporels-de-la-circulation/20160909-180113/usagers_2006.csv\n/home/zeppelin/zepenv/data_sources/2006/usagers_2006.csv\nhttps://www.data.gouv.fr/s/resources/base-de-donnees-accidents-corporels-de-la-circulation/20160913-155958/caracteristiques_2005.csv\n/home/zeppelin/zepenv/data_sources/2005/caracteristiques_2005.csv\nhttps://www.data.gouv.fr/s/resources/base-de-donnees-accidents-corporels-de-la-circulation/20160913-160144/vehicules_2005.csv\n/home/zeppelin/zepenv/data_sources/2005/vehicules_2005.csv\nhttps://www.data.gouv.fr/s/resources/base-de-donnees-accidents-corporels-de-la-circulation/20160913-160102/lieux_2005.csv\n/home/zeppelin/zepenv/data_sources/2005/lieux_2005.csv\nhttps://www.data.gouv.fr/s/resources/base-de-donnees-accidents-corporels-de-la-circulation/20160913-160125/usagers_2005.csv\n/home/zeppelin/zepenv/data_sources/2005/usagers_2005.csv\n"}]},"apps":[],"jobName":"paragraph_1558689432120_1101554408","id":"20190524-111712_817671442","dateCreated":"2019-05-24T11:17:12+0200","dateStarted":"2019-05-24T11:40:50+0200","dateFinished":"2019-05-24T11:51:26+0200","status":"FINISHED","progressUpdateIntervalMs":500,"$$hashKey":"object:32"},{"text":"%pyspark\n","user":"admin","dateUpdated":"2019-05-24T11:18:32+0200","config":{"colWidth":12,"fontSize":9,"enabled":true,"results":{},"editorSetting":{"language":"python","editOnDblClick":false,"completionKey":"TAB","completionSupport":true},"editorMode":"ace/mode/python"},"settings":{"params":{},"forms":{}},"apps":[],"jobName":"paragraph_1558689512367_603549342","id":"20190524-111832_10370087","dateCreated":"2019-05-24T11:18:32+0200","status":"READY","progressUpdateIntervalMs":500,"$$hashKey":"object:33"}],"name":"Data Ingestion","id":"2EC52VE2C","noteParams":{},"noteForms":{},"angularObjects":{"spark2:shared_process":[]},"config":{"isZeppelinNotebookCronEnable":false,"looknfeel":"default","personalizedMode":"false"},"info":{}}