﻿{"paragraphs":[{"title":"Nombre de morts depuis 2005","text":"%spark2.sql\n\nSELECT c.an, count(u.Num_Acc) from cara c INNER JOIN usagers u ON c.Num_Acc = u.Num_Acc \nwhere u.grav = 'Tué'\ngroup by c.an order by c.an","user":"admin","dateUpdated":"2019-06-07T10:17:11+0200","config":{"colWidth":12,"fontSize":9,"enabled":true,"results":{"0":{"graph":{"mode":"multiBarChart","height":300,"optionOpen":false,"setting":{"table":{"tableGridState":{},"tableColumnTypeState":{"names":{"an":"string","count(Num_Acc)":"string"},"updated":false},"tableOptionSpecHash":"[{\"name\":\"useFilter\",\"valueType\":\"boolean\",\"defaultValue\":false,\"widget\":\"checkbox\",\"description\":\"Enable filter for columns\"},{\"name\":\"showPagination\",\"valueType\":\"boolean\",\"defaultValue\":false,\"widget\":\"checkbox\",\"description\":\"Enable pagination for better navigation\"},{\"name\":\"showAggregationFooter\",\"valueType\":\"boolean\",\"defaultValue\":false,\"widget\":\"checkbox\",\"description\":\"Enable a footer for displaying aggregated values\"}]","tableOptionValue":{"useFilter":false,"showPagination":false,"showAggregationFooter":false},"updated":false,"initialized":false},"multiBarChart":{"rotate":{"degree":"-45"},"xLabelStatus":"default"}},"commonSetting":{},"keys":[{"name":"an","index":0,"aggr":"sum"}],"groups":[],"values":[{"name":"count(Num_Acc)","index":1,"aggr":"sum"}]},"helium":{}}},"editorSetting":{"language":"sql","editOnDblClick":false,"completionKey":"TAB","completionSupport":true},"editorMode":"ace/mode/sql","title":true},"settings":{"params":{},"forms":{}},"results":{"code":"SUCCESS","msg":[{"type":"TABLE","data":"an\tcount(Num_Acc)\n2005\t5543\n2006\t4942\n2007\t4838\n2008\t4443\n2009\t4443\n2010\t4172\n2011\t4111\n2012\t3842\n2013\t3427\n2014\t3557\n2015\t3616\n2016\t3655\n2017\t3600\n"},{"type":"TEXT","data":""}]},"apps":[],"jobName":"paragraph_1559824749573_-648914406","id":"20190606-143909_2035435540","dateCreated":"2019-06-06T14:39:09+0200","dateStarted":"2019-06-06T15:41:52+0200","dateFinished":"2019-06-06T15:41:56+0200","status":"FINISHED","progressUpdateIntervalMs":500,"focus":true,"$$hashKey":"object:401"},{"title":"Nombre de blessés ( Légere )","text":"%spark2.sql\n\n\nSELECT c.an, count(u.Num_Acc) from cara c INNER JOIN usagers u ON c.Num_Acc = u.Num_Acc \nwhere u.grav = 'Blessé Léger'\ngroup by c.an order by c.an","user":"admin","dateUpdated":"2019-06-07T10:17:06+0200","config":{"colWidth":12,"fontSize":9,"enabled":true,"results":{"0":{"graph":{"mode":"multiBarChart","height":300,"optionOpen":false,"setting":{"table":{"tableGridState":{},"tableColumnTypeState":{"names":{"an":"string","count(Num_Acc)":"string"},"updated":false},"tableOptionSpecHash":"[{\"name\":\"useFilter\",\"valueType\":\"boolean\",\"defaultValue\":false,\"widget\":\"checkbox\",\"description\":\"Enable filter for columns\"},{\"name\":\"showPagination\",\"valueType\":\"boolean\",\"defaultValue\":false,\"widget\":\"checkbox\",\"description\":\"Enable pagination for better navigation\"},{\"name\":\"showAggregationFooter\",\"valueType\":\"boolean\",\"defaultValue\":false,\"widget\":\"checkbox\",\"description\":\"Enable a footer for displaying aggregated values\"}]","tableOptionValue":{"useFilter":false,"showPagination":false,"showAggregationFooter":false},"updated":false,"initialized":false},"multiBarChart":{"rotate":{"degree":"-45"},"xLabelStatus":"default"}},"commonSetting":{},"keys":[{"name":"an","index":0,"aggr":"sum"}],"groups":[],"values":[{"name":"count(Num_Acc)","index":1,"aggr":"sum"}]},"helium":{}}},"editorSetting":{"language":"sql","editOnDblClick":false,"completionKey":"TAB","completionSupport":true},"editorMode":"ace/mode/sql","title":true},"settings":{"params":{},"forms":{}},"results":{"code":"SUCCESS","msg":[{"type":"TABLE","data":"an\tcount(Num_Acc)\n2005\t70891\n2006\t64111\n2007\t66955\n2008\t60726\n2009\t59207\n2010\t55836\n2011\t53237\n2012\t50102\n2013\t45750\n2014\t47640\n2015\t45667\n2016\t46751\n2017\t47158\n"},{"type":"TEXT","data":""}]},"apps":[],"jobName":"paragraph_1559829171839_976441260","id":"20190606-155251_29988206","dateCreated":"2019-06-06T15:52:51+0200","dateStarted":"2019-06-06T15:53:04+0200","dateFinished":"2019-06-06T15:53:07+0200","status":"FINISHED","progressUpdateIntervalMs":500,"$$hashKey":"object:402"},{"title":"Nombre de blessés hospitalisés","text":"%spark2.sql\n\nSELECT c.an, count(u.Num_Acc) from cara c INNER JOIN usagers u ON c.Num_Acc = u.Num_Acc \nwhere u.grav = 'Blessé Hosp'\ngroup by c.an order by c.an\n","user":"admin","dateUpdated":"2019-06-07T10:17:06+0200","config":{"colWidth":12,"fontSize":9,"enabled":true,"results":{"0":{"graph":{"mode":"multiBarChart","height":300,"optionOpen":false,"setting":{"table":{"tableGridState":{},"tableColumnTypeState":{"names":{"an":"string","count(Num_Acc)":"string"},"updated":false},"tableOptionSpecHash":"[{\"name\":\"useFilter\",\"valueType\":\"boolean\",\"defaultValue\":false,\"widget\":\"checkbox\",\"description\":\"Enable filter for columns\"},{\"name\":\"showPagination\",\"valueType\":\"boolean\",\"defaultValue\":false,\"widget\":\"checkbox\",\"description\":\"Enable pagination for better navigation\"},{\"name\":\"showAggregationFooter\",\"valueType\":\"boolean\",\"defaultValue\":false,\"widget\":\"checkbox\",\"description\":\"Enable a footer for displaying aggregated values\"}]","tableOptionValue":{"useFilter":false,"showPagination":false,"showAggregationFooter":false},"updated":false,"initialized":false},"multiBarChart":{"rotate":{"degree":"-45"},"xLabelStatus":"default"}},"commonSetting":{},"keys":[{"name":"an","index":0,"aggr":"sum"}],"groups":[],"values":[{"name":"count(Num_Acc)","index":1,"aggr":"sum"}]},"helium":{}}},"editorSetting":{"language":"sql","editOnDblClick":false,"completionKey":"TAB","completionSupport":true},"editorMode":"ace/mode/sql","title":true},"settings":{"params":{},"forms":{}},"results":{"code":"SUCCESS","msg":[{"type":"TABLE","data":"an\tcount(Num_Acc)\n2005\t40792\n2006\t41869\n2007\t39754\n2008\t36179\n2009\t34506\n2010\t31337\n2011\t30635\n2012\t28107\n2013\t26895\n2014\t27502\n2015\t27717\n2016\t28376\n2017\t28993\n"},{"type":"TEXT","data":""}]},"apps":[],"jobName":"paragraph_1559824762299_-543079371","id":"20190606-143922_1645549018","dateCreated":"2019-06-06T14:39:22+0200","dateStarted":"2019-06-06T15:55:07+0200","dateFinished":"2019-06-06T15:55:10+0200","status":"FINISHED","progressUpdateIntervalMs":500,"$$hashKey":"object:403"},{"title":"Nombre d'indemnes par années","text":"%spark2.sql\n\n\nSELECT c.an, count(u.Num_Acc) from cara c INNER JOIN usagers u ON c.Num_Acc = u.Num_Acc \nwhere u.grav = 'Indemne'\ngroup by c.an order by c.an\n","user":"admin","dateUpdated":"2019-06-07T10:17:06+0200","config":{"colWidth":12,"fontSize":9,"enabled":true,"results":{"0":{"graph":{"mode":"multiBarChart","height":300,"optionOpen":false,"setting":{"table":{"tableGridState":{},"tableColumnTypeState":{"names":{"an":"string","count(Num_Acc)":"string"},"updated":true},"tableOptionSpecHash":"[{\"name\":\"useFilter\",\"valueType\":\"boolean\",\"defaultValue\":false,\"widget\":\"checkbox\",\"description\":\"Enable filter for columns\"},{\"name\":\"showPagination\",\"valueType\":\"boolean\",\"defaultValue\":false,\"widget\":\"checkbox\",\"description\":\"Enable pagination for better navigation\"},{\"name\":\"showAggregationFooter\",\"valueType\":\"boolean\",\"defaultValue\":false,\"widget\":\"checkbox\",\"description\":\"Enable a footer for displaying aggregated values\"}]","tableOptionValue":{"useFilter":false,"showPagination":false,"showAggregationFooter":false},"updated":false,"initialized":false},"multiBarChart":{"rotate":{"degree":"-45"},"xLabelStatus":"default"}},"commonSetting":{},"keys":[{"name":"an","index":0,"aggr":"sum"}],"groups":[],"values":[{"name":"count(Num_Acc)","index":1,"aggr":"sum"}]},"helium":{}}},"editorSetting":{"language":"sql","editOnDblClick":false,"completionKey":"TAB","completionSupport":true},"editorMode":"ace/mode/sql","title":true},"settings":{"params":{},"forms":{}},"results":{"code":"SUCCESS","msg":[{"type":"TABLE","data":"an\tcount(Num_Acc)\n2005\t80272\n2006\t76163\n2007\t76910\n2008\t69612\n2009\t67806\n2010\t62847\n2011\t60560\n2012\t56577\n2013\t52622\n2014\t53487\n2015\t53378\n2016\t54640\n2017\t56270\n"},{"type":"TEXT","data":""}]},"apps":[],"jobName":"paragraph_1559829338359_-555064119","id":"20190606-155538_776141812","dateCreated":"2019-06-06T15:55:38+0200","dateStarted":"2019-06-06T15:55:54+0200","dateFinished":"2019-06-06T15:55:57+0200","status":"FINISHED","progressUpdateIntervalMs":500,"$$hashKey":"object:404"},{"text":"%spark2.sql\n\nselect distinct u.grav  from usagers u","user":"admin","dateUpdated":"2019-06-06T15:54:03+0200","config":{"colWidth":12,"fontSize":9,"enabled":true,"results":{"0":{"graph":{"mode":"table","height":300,"optionOpen":false,"setting":{"table":{"tableGridState":{},"tableColumnTypeState":{"names":{"grav":"string"},"updated":false},"tableOptionSpecHash":"[{\"name\":\"useFilter\",\"valueType\":\"boolean\",\"defaultValue\":false,\"widget\":\"checkbox\",\"description\":\"Enable filter for columns\"},{\"name\":\"showPagination\",\"valueType\":\"boolean\",\"defaultValue\":false,\"widget\":\"checkbox\",\"description\":\"Enable pagination for better navigation\"},{\"name\":\"showAggregationFooter\",\"valueType\":\"boolean\",\"defaultValue\":false,\"widget\":\"checkbox\",\"description\":\"Enable a footer for displaying aggregated values\"}]","tableOptionValue":{"useFilter":false,"showPagination":false,"showAggregationFooter":false},"updated":false,"initialized":false}},"commonSetting":{}}}},"editorSetting":{"language":"sql","editOnDblClick":false,"completionKey":"TAB","completionSupport":true},"editorMode":"ace/mode/sql"},"settings":{"params":{},"forms":{}},"results":{"code":"SUCCESS","msg":[{"type":"TABLE","data":"grav\nBlessé Léger\nBlessé Hosp\nIndemne\nTué\n"},{"type":"TEXT","data":""}]},"apps":[],"jobName":"paragraph_1559828480876_-354112895","id":"20190606-154120_774485402","dateCreated":"2019-06-06T15:41:20+0200","dateStarted":"2019-06-06T15:53:59+0200","dateFinished":"2019-06-06T15:54:00+0200","status":"FINISHED","progressUpdateIntervalMs":500,"$$hashKey":"object:405"},{"text":"%spark2.sql\n\nselect u.grav , count(Num_Acc)  from  usagers u group by grav","user":"admin","dateUpdated":"2019-06-07T10:17:09+0200","config":{"colWidth":12,"fontSize":9,"enabled":true,"results":{"0":{"graph":{"mode":"multiBarChart","height":300,"optionOpen":false,"setting":{"table":{"tableGridState":{},"tableColumnTypeState":{"names":{"grav":"string","count(Num_Acc)":"string"},"updated":true},"tableOptionSpecHash":"[{\"name\":\"useFilter\",\"valueType\":\"boolean\",\"defaultValue\":false,\"widget\":\"checkbox\",\"description\":\"Enable filter for columns\"},{\"name\":\"showPagination\",\"valueType\":\"boolean\",\"defaultValue\":false,\"widget\":\"checkbox\",\"description\":\"Enable pagination for better navigation\"},{\"name\":\"showAggregationFooter\",\"valueType\":\"boolean\",\"defaultValue\":false,\"widget\":\"checkbox\",\"description\":\"Enable a footer for displaying aggregated values\"}]","tableOptionValue":{"useFilter":false,"showPagination":false,"showAggregationFooter":false},"updated":false,"initialized":false},"multiBarChart":{"rotate":{"degree":"-90"},"xLabelStatus":"rotate","stacked":true}},"commonSetting":{},"keys":[{"name":"grav","index":0,"aggr":"sum"}],"groups":[],"values":[{"name":"count(Num_Acc)","index":1,"aggr":"sum"}]},"helium":{}}},"editorSetting":{"language":"sql","editOnDblClick":false,"completionKey":"TAB","completionSupport":true},"editorMode":"ace/mode/sql"},"settings":{"params":{},"forms":{}},"results":{"code":"SUCCESS","msg":[{"type":"TABLE","data":"grav\tcount(Num_Acc)\nBlessé Léger\t714031\nBlessé Hosp\t422662\nIndemne\t821144\nTué\t54189\n"},{"type":"TEXT","data":""}]},"apps":[],"jobName":"paragraph_1559829225004_25092501","id":"20190606-155345_2075276025","dateCreated":"2019-06-06T15:53:45+0200","dateStarted":"2019-06-06T16:00:51+0200","dateFinished":"2019-06-06T16:00:52+0200","status":"FINISHED","progressUpdateIntervalMs":500,"$$hashKey":"object:406"},{"title":"Evolutions des morts depuis 2005","text":"%spark2.sql\nSELECT c.an, count(u.Num_Acc) from cara c INNER JOIN usagers u ON c.Num_Acc = u.Num_Acc \nwhere u.grav = 'Tué'\ngroup by c.an order by c.an\n\n","user":"admin","dateUpdated":"2019-06-07T10:17:09+0200","config":{"colWidth":12,"fontSize":9,"enabled":true,"results":{"0":{"graph":{"mode":"lineChart","height":300,"optionOpen":false,"setting":{"table":{"tableGridState":{},"tableColumnTypeState":{"names":{"an":"string","count(Num_Acc)":"string"},"updated":true},"tableOptionSpecHash":"[{\"name\":\"useFilter\",\"valueType\":\"boolean\",\"defaultValue\":false,\"widget\":\"checkbox\",\"description\":\"Enable filter for columns\"},{\"name\":\"showPagination\",\"valueType\":\"boolean\",\"defaultValue\":false,\"widget\":\"checkbox\",\"description\":\"Enable pagination for better navigation\"},{\"name\":\"showAggregationFooter\",\"valueType\":\"boolean\",\"defaultValue\":false,\"widget\":\"checkbox\",\"description\":\"Enable a footer for displaying aggregated values\"}]","tableOptionValue":{"useFilter":false,"showPagination":false,"showAggregationFooter":false},"updated":false,"initialized":false},"lineChart":{"rotate":{"degree":"-45"},"xLabelStatus":"default","isDateFormat":false,"forceY":true}},"commonSetting":{},"keys":[{"name":"an","index":0,"aggr":"sum"}],"groups":[],"values":[{"name":"count(Num_Acc)","index":1,"aggr":"sum"}]},"helium":{}}},"editorSetting":{"language":"sql","editOnDblClick":false,"completionKey":"TAB","completionSupport":true},"editorMode":"ace/mode/sql","title":true},"settings":{"params":{},"forms":{}},"results":{"code":"SUCCESS","msg":[{"type":"TABLE","data":"an\tcount(Num_Acc)\n2005\t5543\n2006\t4942\n2007\t4838\n2008\t4443\n2009\t4443\n2010\t4172\n2011\t4111\n2012\t3842\n2013\t3427\n2014\t3557\n2015\t3616\n2016\t3655\n2017\t3600\n"},{"type":"TEXT","data":""}]},"apps":[],"jobName":"paragraph_1559829632420_1756435199","id":"20190606-160032_676110647","dateCreated":"2019-06-06T16:00:32+0200","dateStarted":"2019-06-06T16:05:29+0200","dateFinished":"2019-06-06T16:05:32+0200","status":"FINISHED","progressUpdateIntervalMs":500,"$$hashKey":"object:407"},{"title":"Mort par Catégorie, Sexe d'usagers","text":"%spark2.sql\n\nSELECT  u.catu , u.sexe , count(u.Num_Acc)    FROM  usagers u Inner JOIN cara c ON u.Num_Acc = c.Num_Acc\nwhere c.an = 2017 and u.grav= 'Tué' GROUP BY  u.catu , u.sexe\n","user":"admin","dateUpdated":"2019-06-07T11:48:29+0200","config":{"colWidth":12,"fontSize":9,"enabled":true,"results":{"0":{"graph":{"mode":"stackedAreaChart","height":300,"optionOpen":false,"setting":{"table":{"tableGridState":{},"tableColumnTypeState":{"names":{"catu":"string","sexe":"string","count(Num_Acc)":"string"},"updated":false},"tableOptionSpecHash":"[{\"name\":\"useFilter\",\"valueType\":\"boolean\",\"defaultValue\":false,\"widget\":\"checkbox\",\"description\":\"Enable filter for columns\"},{\"name\":\"showPagination\",\"valueType\":\"boolean\",\"defaultValue\":false,\"widget\":\"checkbox\",\"description\":\"Enable pagination for better navigation\"},{\"name\":\"showAggregationFooter\",\"valueType\":\"boolean\",\"defaultValue\":false,\"widget\":\"checkbox\",\"description\":\"Enable a footer for displaying aggregated values\"}]","tableOptionValue":{"useFilter":false,"showPagination":false,"showAggregationFooter":false},"updated":false,"initialized":false},"multiBarChart":{"rotate":{"degree":"-45"},"xLabelStatus":"default","stacked":true},"pieChart":{},"stackedAreaChart":{"rotate":{"degree":"-45"},"xLabelStatus":"default"}},"commonSetting":{},"keys":[{"name":"catu","index":0,"aggr":"sum"}],"groups":[],"values":[{"name":"count(Num_Acc)","index":2,"aggr":"sum"}]},"helium":{}}},"editorSetting":{"language":"sql","editOnDblClick":false,"completionKey":"TAB","completionSupport":true},"editorMode":"ace/mode/sql","title":true},"settings":{"params":{},"forms":{}},"results":{"code":"SUCCESS","msg":[{"type":"TABLE","data":"catu\tsexe\tcount(Num_Acc)\nPassagers\tF\t264\nPassagers\tM\t280\nRoller/Trotinette\tM\t5\nPiéton\tF\t183\nPiéton\tM\t331\nConducteur\tF\t352\nConducteur\tM\t2185\n"},{"type":"TEXT","data":""}]},"apps":[],"jobName":"paragraph_1559829929900_-1374636060","id":"20190606-160529_2124891675","dateCreated":"2019-06-06T16:05:29+0200","dateStarted":"2019-06-06T16:33:34+0200","dateFinished":"2019-06-06T16:33:36+0200","status":"FINISHED","progressUpdateIntervalMs":500,"$$hashKey":"object:408"},{"text":"%pyspark\n\nusagers.columns\n","user":"admin","dateUpdated":"2019-06-07T11:10:43+0200","config":{"colWidth":12,"fontSize":9,"enabled":true,"results":{},"editorSetting":{"language":"python","editOnDblClick":false,"completionKey":"TAB","completionSupport":true},"editorMode":"ace/mode/python"},"settings":{"params":{},"forms":{}},"results":{"code":"SUCCESS","msg":[{"type":"TEXT","data":"['An_nais', 'Num_Acc', 'locp', 'place', 'actp', 'age', 'catu', 'num_veh', 'sexe', 'etatp', 'trajet', 'grav', 'secu']\n"}]},"apps":[],"jobName":"paragraph_1559831614285_-1829497316","id":"20190606-163334_1090249669","dateCreated":"2019-06-06T16:33:34+0200","dateStarted":"2019-06-07T11:10:44+0200","dateFinished":"2019-06-07T11:10:44+0200","status":"FINISHED","progressUpdateIntervalMs":500,"$$hashKey":"object:409"},{"text":"%spark2.sql\n\nselect  \n            \n            case\n            when age < 18 then '-18'\n            when age  between 18 and 24 then '18-24'\n            when age between 25 and 34 then '25-34'\n            else '35+'                      \n            END AS age_range,\n            \n            count(Num_Acc) as Morts\n            from usagers \n            where grav='Tué'\n            \n            group by age_range\n            order by age_range","user":"admin","dateUpdated":"2019-06-07T11:38:38+0200","config":{"colWidth":12,"fontSize":9,"enabled":true,"results":{"0":{"graph":{"mode":"multiBarChart","height":300,"optionOpen":false,"setting":{"table":{"tableGridState":{},"tableColumnTypeState":{"names":{"age_range":"string","Morts":"string"},"updated":false},"tableOptionSpecHash":"[{\"name\":\"useFilter\",\"valueType\":\"boolean\",\"defaultValue\":false,\"widget\":\"checkbox\",\"description\":\"Enable filter for columns\"},{\"name\":\"showPagination\",\"valueType\":\"boolean\",\"defaultValue\":false,\"widget\":\"checkbox\",\"description\":\"Enable pagination for better navigation\"},{\"name\":\"showAggregationFooter\",\"valueType\":\"boolean\",\"defaultValue\":false,\"widget\":\"checkbox\",\"description\":\"Enable a footer for displaying aggregated values\"}]","tableOptionValue":{"useFilter":false,"showPagination":false,"showAggregationFooter":false},"updated":false,"initialized":false},"multiBarChart":{"rotate":{"degree":"-45"},"xLabelStatus":"default"}},"commonSetting":{},"keys":[{"name":"age_range","index":0,"aggr":"sum"}],"groups":[],"values":[{"name":"Morts","index":1,"aggr":"sum"}]},"helium":{}}},"editorSetting":{"language":"sql","editOnDblClick":false,"completionKey":"TAB","completionSupport":true},"editorMode":"ace/mode/sql"},"settings":{"params":{},"forms":{}},"apps":[],"jobName":"paragraph_1559900148849_2118686908","id":"20190607-113548_1981415888","dateCreated":"2019-06-07T11:35:48+0200","status":"FINISHED","progressUpdateIntervalMs":500,"focus":true,"$$hashKey":"object:8282","dateFinished":"2019-06-07T11:38:33+0200","dateStarted":"2019-06-07T11:38:24+0200","results":{"code":"SUCCESS","msg":[{"type":"TABLE","data":"age_range\tMorts\n-18\t3353\n18-24\t10934\n25-34\t9786\n35+\t30116\n"},{"type":"TEXT","data":""}]},"runtimeInfos":{"jobUrl":{"propertyName":"jobUrl","label":"SPARK JOB","tooltip":"View in Spark web UI","group":"spark","values":["http://ari-vhm-0001.data.ari:4040/jobs/job?id=132","http://ari-vhm-0001.data.ari:4040/jobs/job?id=133","http://ari-vhm-0001.data.ari:4040/jobs/job?id=134"],"interpreterSettingId":"spark2"}}},{"text":"%spark2.sql\n","user":"admin","dateUpdated":"2019-06-07T11:38:24+0200","config":{"colWidth":12,"fontSize":9,"enabled":true,"results":{},"editorSetting":{"language":"sql","editOnDblClick":false,"completionKey":"TAB","completionSupport":true},"editorMode":"ace/mode/sql"},"settings":{"params":{},"forms":{}},"apps":[],"jobName":"paragraph_1559900304003_1173675489","id":"20190607-113824_328314176","dateCreated":"2019-06-07T11:38:24+0200","status":"READY","progressUpdateIntervalMs":500,"focus":true,"$$hashKey":"object:9266"}],"name":"Gravité","id":"2ECDTDVTK","noteParams":{},"noteForms":{},"angularObjects":{"spark2:shared_process":[]},"config":{"isZeppelinNotebookCronEnable":false,"looknfeel":"default","personalizedMode":"false"},"info":{}}