﻿{"paragraphs":[{"text":"%pyspark\n\n\nfrom pyspark.sql import functions as f\n\nimport tweepy\n\n\n","user":"admin","dateUpdated":"2019-06-26T14:17:06+0200","config":{"colWidth":12,"fontSize":9,"enabled":true,"results":{},"editorSetting":{"language":"python","editOnDblClick":false,"completionKey":"TAB","completionSupport":true},"editorMode":"ace/mode/python"},"settings":{"params":{},"forms":{}},"apps":[],"jobName":"paragraph_1561368426648_-779729850","id":"20190624-112706_2119692946","dateCreated":"2019-06-24T11:27:06+0200","dateStarted":"2019-06-26T11:21:20+0200","dateFinished":"2019-06-26T11:21:21+0200","status":"FINISHED","errorMessage":"","progressUpdateIntervalMs":500,"focus":true,"$$hashKey":"object:53"},{"text":"%pyspark\n\n#Import necessary modules\n\nfrom pyspark import SparkContext\nfrom pyspark.streaming import StreamingContext\n\nfrom pyspark.sql.functions import desc\n\n","user":"admin","dateUpdated":"2019-06-26T14:14:00+0200","config":{"colWidth":12,"fontSize":9,"enabled":true,"results":{},"editorSetting":{"language":"python","editOnDblClick":false,"completionKey":"TAB","completionSupport":true},"editorMode":"ace/mode/python"},"settings":{"params":{},"forms":{}},"apps":[],"jobName":"paragraph_1561369079812_-638766262","id":"20190624-113759_1201279246","dateCreated":"2019-06-24T11:37:59+0200","dateStarted":"2019-06-26T11:25:44+0200","dateFinished":"2019-06-26T11:25:44+0200","status":"FINISHED","errorMessage":"","progressUpdateIntervalMs":500,"$$hashKey":"object:54"},{"text":"%pyspark\nsc","user":"admin","dateUpdated":"2019-06-26T14:17:15+0200","config":{"colWidth":12,"fontSize":9,"enabled":true,"results":{},"editorSetting":{"language":"python","editOnDblClick":false,"completionKey":"TAB","completionSupport":true},"editorMode":"ace/mode/python"},"settings":{"params":{},"forms":{}},"apps":[],"jobName":"paragraph_1561541168790_120269999","id":"20190626-112608_47899660","dateCreated":"2019-06-26T11:26:08+0200","dateStarted":"2019-06-26T11:26:10+0200","dateFinished":"2019-06-26T11:26:10+0200","status":"FINISHED","errorMessage":"","progressUpdateIntervalMs":500,"$$hashKey":"object:55"},{"text":"%pyspark\n\n\nssc = StreamingContext(sc, 10)","user":"admin","dateUpdated":"2019-06-26T14:08:55+0200","config":{"colWidth":12,"fontSize":9,"enabled":true,"results":{},"editorSetting":{"language":"python","editOnDblClick":false,"completionKey":"TAB","completionSupport":true},"editorMode":"ace/mode/python"},"settings":{"params":{},"forms":{}},"results":{"code":"SUCCESS","msg":[]},"apps":[],"jobName":"paragraph_1561540911426_-1011973316","id":"20190626-112151_1405947224","dateCreated":"2019-06-26T11:21:51+0200","dateStarted":"2019-06-26T14:08:55+0200","dateFinished":"2019-06-26T14:08:55+0200","status":"FINISHED","progressUpdateIntervalMs":500,"$$hashKey":"object:56"},{"text":"%pyspark\n\n\n#Initiate Streaming text from a tcp socket\nsocket_stream = ssc.socketTextStream( '127.0.0.1', 5555)\n\n\n\n#Lines of tweets with socket_stream window of size 60 seconds windows of time\n\nlines = socket_stream.window(60)\n\n\ntype(lines)\n","user":"admin","dateUpdated":"2019-06-26T14:10:48+0200","config":{"colWidth":12,"fontSize":9,"enabled":true,"results":{},"editorSetting":{"language":"python","editOnDblClick":false,"completionKey":"TAB","completionSupport":true},"editorMode":"ace/mode/python"},"settings":{"params":{},"forms":{}},"results":{"code":"SUCCESS","msg":[{"type":"TEXT","data":"<pyspark.sql.context.SQLContext object at 0x7f24ccc06860>\n"}]},"apps":[],"jobName":"paragraph_1561541175651_-1733158757","id":"20190626-112615_1681773564","dateCreated":"2019-06-26T11:26:15+0200","dateStarted":"2019-06-26T11:27:15+0200","dateFinished":"2019-06-26T11:27:15+0200","status":"FINISHED","progressUpdateIntervalMs":500,"$$hashKey":"object:57"},{"text":"%pyspark\n\nprint('hello')\n","user":"admin","dateUpdated":"2019-06-26T14:31:45+0200","config":{"colWidth":12,"fontSize":9,"enabled":true,"results":{},"editorSetting":{"language":"python","editOnDblClick":false,"completionKey":"TAB","completionSupport":true},"editorMode":"ace/mode/python"},"settings":{"params":{},"forms":{}},"apps":[],"jobName":"paragraph_1561541235853_-1279962271","id":"20190626-112715_934239815","dateCreated":"2019-06-26T11:27:15+0200","status":"FINISHED","progressUpdateIntervalMs":500,"$$hashKey":"object:58"},{"text":"%pyspark\n","user":"admin","dateUpdated":"2019-06-26T14:17:40+0200","config":{"colWidth":12,"fontSize":9,"enabled":true,"results":{},"editorSetting":{"language":"python","editOnDblClick":false,"completionKey":"TAB","completionSupport":true},"editorMode":"ace/mode/python"},"settings":{"params":{},"forms":{}},"apps":[],"jobName":"paragraph_1561551460438_-662711588","id":"20190626-141740_446647110","dateCreated":"2019-06-26T14:17:40+0200","status":"READY","progressUpdateIntervalMs":500,"$$hashKey":"object:59"}],"name":"Twitter with Spark Streaming","id":"2EGU6NXNC","noteParams":{},"noteForms":{},"angularObjects":{"spark2:shared_process":[]},"config":{"isZeppelinNotebookCronEnable":false,"looknfeel":"default","personalizedMode":"false"},"info":{}}