[
  {
    "_id": "68114ae0-0f9c-11ea-9103-5db1c2e99426",
    "_type": "visualization",
    "_source": {
      "title": "[OCBMETRICS]Yarn Memory Max Load",
      "visState": "{\"title\":\"[OCBMETRICS]Yarn Memory Max Load\",\"type\":\"line\",\"params\":{\"addLegend\":true,\"addTimeMarker\":false,\"addTooltip\":true,\"categoryAxes\":[{\"id\":\"CategoryAxis-1\",\"labels\":{\"show\":true,\"truncate\":100},\"position\":\"bottom\",\"scale\":{\"type\":\"linear\"},\"show\":true,\"style\":{},\"title\":{},\"type\":\"category\"}],\"grid\":{\"categoryLines\":false},\"legendPosition\":\"top\",\"seriesParams\":[{\"show\":true,\"mode\":\"stacked\",\"type\":\"histogram\",\"drawLinesBetweenPoints\":true,\"showCircles\":true,\"data\":{\"id\":\"4\",\"label\":\"AllocatedMemory\"},\"valueAxis\":\"ValueAxis-1\"},{\"show\":true,\"mode\":\"stacked\",\"type\":\"histogram\",\"drawLinesBetweenPoints\":true,\"showCircles\":true,\"data\":{\"id\":\"5\",\"label\":\"AvailableMemory\"},\"valueAxis\":\"ValueAxis-1\"}],\"times\":[],\"type\":\"line\",\"valueAxes\":[{\"id\":\"ValueAxis-1\",\"labels\":{\"filter\":false,\"rotate\":0,\"show\":true,\"truncate\":100},\"name\":\"LeftAxis-1\",\"position\":\"left\",\"scale\":{\"mode\":\"percentage\",\"type\":\"linear\"},\"show\":true,\"style\":{},\"title\":{\"text\":\"MaxAllocatedMemory\"},\"type\":\"value\"}],\"radiusRatio\":17},\"aggs\":[{\"id\":\"2\",\"enabled\":true,\"type\":\"date_histogram\",\"schema\":\"segment\",\"params\":{\"field\":\"timestamp\",\"timeRange\":{\"from\":\"now/w\",\"to\":\"now\"},\"useNormalizedEsInterval\":true,\"interval\":\"auto\",\"drop_partials\":false,\"customInterval\":\"2h\",\"min_doc_count\":1,\"extended_bounds\":{}}},{\"id\":\"3\",\"enabled\":true,\"type\":\"terms\",\"schema\":\"group\",\"params\":{\"field\":\"yarn.queue.simplified_name.keyword\",\"size\":100,\"order\":\"desc\",\"orderBy\":\"_key\",\"otherBucket\":false,\"otherBucketLabel\":\"Other\",\"missingBucket\":false,\"missingBucketLabel\":\"Missing\",\"exclude\":\"\",\"include\":\"\",\"json\":\"\",\"customLabel\":\"queue_name\"}},{\"id\":\"4\",\"enabled\":true,\"type\":\"max\",\"schema\":\"metric\",\"params\":{\"field\":\"yarn.queue.stats.AllocatedMB\",\"customLabel\":\"AllocatedMemory\"}},{\"id\":\"5\",\"enabled\":true,\"type\":\"min\",\"schema\":\"metric\",\"params\":{\"field\":\"yarn.queue.stats.AvailableMB\",\"customLabel\":\"AvailableMemory\"}}]}",
      "uiStateJSON": "{\"vis\":{\"colors\":{\"root: AllocatedMB\":\"#EAB839\",\"root: MaxAllocatedMemory\":\"#CCA300\",\"root: MinAvailableMemory\":\"#64B0C8\",\"root: AllocatedMemory\":\"#E5AC0E\",\"root: AvailableMemory\":\"#64B0C8\"}}}",
      "description": "",
      "version": 1,
      "kibanaSavedObjectMeta": {
        "searchSourceJSON": "{\"query\":{\"query\":\"yarn.queue.stats.AllocatedMB > 0 or yarn.queue.stats.AvailableMB > 0\",\"language\":\"kuery\"},\"filter\":[{\"meta\":{\"field\":\"yarn.queue.simplified_name.keyword\",\"alias\":null,\"negate\":false,\"type\":\"phrase\",\"key\":\"yarn.queue.simplified_name.keyword\",\"value\":\"root\",\"params\":{\"query\":\"root\"},\"disabled\":false,\"indexRefName\":\"kibanaSavedObjectMeta.searchSourceJSON.filter[0].meta.index\"},\"script\":{\"script\":{\"source\":\"boolean compare(Supplier s, def v) {return s.get() == v;}compare(() -> { if (!doc['yarn.queue.stats.name.keyword'].empty) { return (doc['yarn.queue.stats.name.keyword'].value.substring(52).replace(',q1=','.').replace(',q2=','.').replace(',q3=','.').replace(',q4=','.'));} else { return 'null';} }, params.value);\",\"lang\":\"painless\",\"params\":{\"value\":\"root\"}}},\"$state\":{\"store\":\"appState\"}}],\"indexRefName\":\"kibanaSavedObjectMeta.searchSourceJSON.index\"}"
      }
    },
    "_migrationVersion": {
      "visualization": "7.0.1"
    },
    "_references": [
      {
        "name": "kibanaSavedObjectMeta.searchSourceJSON.index",
        "type": "index-pattern",
        "id": "3c828220-f414-11e9-9265-1f1d70353788"
      },
      {
        "name": "kibanaSavedObjectMeta.searchSourceJSON.filter[0].meta.index",
        "type": "index-pattern",
        "id": "3c828220-f414-11e9-9265-1f1d70353788"
      }
    ]
  },
  {
    "_id": "9c8f6f40-102d-11ea-b895-87776881234f",
    "_type": "visualization",
    "_source": {
      "title": "[OCBMETRICS]Yarn VCore Max Load",
      "visState": "{\"title\":\"[OCBMETRICS]Yarn VCore Max Load\",\"type\":\"line\",\"params\":{\"addLegend\":true,\"addTimeMarker\":false,\"addTooltip\":true,\"categoryAxes\":[{\"id\":\"CategoryAxis-1\",\"labels\":{\"show\":true,\"truncate\":100},\"position\":\"bottom\",\"scale\":{\"type\":\"linear\"},\"show\":true,\"style\":{},\"title\":{},\"type\":\"category\"}],\"grid\":{\"categoryLines\":false},\"legendPosition\":\"top\",\"seriesParams\":[{\"show\":true,\"mode\":\"stacked\",\"type\":\"histogram\",\"drawLinesBetweenPoints\":true,\"showCircles\":true,\"data\":{\"id\":\"4\",\"label\":\"AllocatedVcore\"},\"valueAxis\":\"ValueAxis-1\"},{\"show\":true,\"mode\":\"stacked\",\"type\":\"histogram\",\"drawLinesBetweenPoints\":true,\"showCircles\":true,\"data\":{\"id\":\"5\",\"label\":\"AvailableVcore\"},\"valueAxis\":\"ValueAxis-1\"}],\"times\":[],\"type\":\"line\",\"valueAxes\":[{\"id\":\"ValueAxis-1\",\"labels\":{\"filter\":false,\"rotate\":0,\"show\":true,\"truncate\":100},\"name\":\"LeftAxis-1\",\"position\":\"left\",\"scale\":{\"mode\":\"percentage\",\"type\":\"linear\"},\"show\":true,\"style\":{},\"title\":{\"text\":\"MaxAllocatedVCore\"},\"type\":\"value\"}],\"radiusRatio\":17},\"aggs\":[{\"id\":\"2\",\"enabled\":true,\"type\":\"date_histogram\",\"schema\":\"segment\",\"params\":{\"field\":\"timestamp\",\"timeRange\":{\"from\":\"now/w\",\"to\":\"now\"},\"useNormalizedEsInterval\":true,\"interval\":\"auto\",\"drop_partials\":false,\"customInterval\":\"2h\",\"min_doc_count\":1,\"extended_bounds\":{}}},{\"id\":\"3\",\"enabled\":true,\"type\":\"terms\",\"schema\":\"group\",\"params\":{\"field\":\"yarn.queue.simplified_name.keyword\",\"size\":100,\"order\":\"desc\",\"orderBy\":\"_key\",\"otherBucket\":false,\"otherBucketLabel\":\"Other\",\"missingBucket\":false,\"missingBucketLabel\":\"Missing\",\"exclude\":\"\",\"include\":\"\",\"json\":\"\",\"customLabel\":\"queue_name\"}},{\"id\":\"4\",\"enabled\":true,\"type\":\"max\",\"schema\":\"metric\",\"params\":{\"field\":\"yarn.queue.stats.AllocatedVCores\",\"customLabel\":\"AllocatedVcore\"}},{\"id\":\"5\",\"enabled\":true,\"type\":\"min\",\"schema\":\"metric\",\"params\":{\"field\":\"yarn.queue.stats.AvailableVCores\",\"customLabel\":\"AvailableVcore\"}}]}",
      "uiStateJSON": "{\"vis\":{\"colors\":{\"root: AllocatedMB\":\"#EAB839\",\"root: MaxAllocatedVcore\":\"#CCA300\",\"root: MinAvailableVcore\":\"#64B0C8\",\"root: AllocatedVcore\":\"#CCA300\",\"root: AvailableVcore\":\"#64B0C8\"}}}",
      "description": "",
      "version": 1,
      "kibanaSavedObjectMeta": {
        "searchSourceJSON": "{\"query\":{\"query\":\"yarn.queue.stats.AllocatedMB > 0 or yarn.queue.stats.AvailableMB > 0\",\"language\":\"kuery\"},\"filter\":[{\"meta\":{\"field\":\"yarn.queue.simplified_name.keyword\",\"alias\":null,\"negate\":false,\"type\":\"phrase\",\"key\":\"yarn.queue.simplified_name.keyword\",\"value\":\"root\",\"params\":{\"query\":\"root\"},\"disabled\":false,\"indexRefName\":\"kibanaSavedObjectMeta.searchSourceJSON.filter[0].meta.index\"},\"script\":{\"script\":{\"source\":\"boolean compare(Supplier s, def v) {return s.get() == v;}compare(() -> { if (!doc['yarn.queue.stats.name.keyword'].empty) { return (doc['yarn.queue.stats.name.keyword'].value.substring(52).replace(',q1=','.').replace(',q2=','.').replace(',q3=','.').replace(',q4=','.'));} else { return 'null';} }, params.value);\",\"lang\":\"painless\",\"params\":{\"value\":\"root\"}}},\"$state\":{\"store\":\"appState\"}}],\"indexRefName\":\"kibanaSavedObjectMeta.searchSourceJSON.index\"}"
      }
    },
    "_migrationVersion": {
      "visualization": "7.0.1"
    },
    "_references": [
      {
        "name": "kibanaSavedObjectMeta.searchSourceJSON.index",
        "type": "index-pattern",
        "id": "3c828220-f414-11e9-9265-1f1d70353788"
      },
      {
        "name": "kibanaSavedObjectMeta.searchSourceJSON.filter[0].meta.index",
        "type": "index-pattern",
        "id": "3c828220-f414-11e9-9265-1f1d70353788"
      }
    ]
  },
  {
    "_id": "6dde8740-1036-11ea-b895-87776881234f",
    "_type": "visualization",
    "_source": {
      "title": "[OCBMETRICS][PROD] YARN Vcore Max Load",
      "visState": "{\"title\":\"[OCBMETRICS][PROD] YARN Vcore Max Load\",\"type\":\"histogram\",\"params\":{\"type\":\"histogram\",\"grid\":{\"categoryLines\":false},\"categoryAxes\":[{\"id\":\"CategoryAxis-1\",\"type\":\"category\",\"position\":\"bottom\",\"show\":true,\"style\":{},\"scale\":{\"type\":\"linear\"},\"labels\":{\"show\":true,\"truncate\":100},\"title\":{}}],\"valueAxes\":[{\"id\":\"ValueAxis-1\",\"name\":\"LeftAxis-1\",\"type\":\"value\",\"position\":\"left\",\"show\":true,\"style\":{},\"scale\":{\"type\":\"linear\",\"mode\":\"percentage\"},\"labels\":{\"show\":true,\"rotate\":0,\"filter\":false,\"truncate\":100},\"title\":{\"text\":\"MaxAllocatedVcore\"}}],\"seriesParams\":[{\"show\":\"true\",\"type\":\"histogram\",\"mode\":\"stacked\",\"data\":{\"label\":\"AllocatedVcore\",\"id\":\"1\"},\"valueAxis\":\"ValueAxis-1\",\"drawLinesBetweenPoints\":true,\"showCircles\":true},{\"show\":true,\"mode\":\"stacked\",\"type\":\"histogram\",\"drawLinesBetweenPoints\":true,\"showCircles\":true,\"data\":{\"id\":\"2\",\"label\":\"AvailableVcore\"},\"valueAxis\":\"ValueAxis-1\"}],\"addTooltip\":true,\"addLegend\":true,\"legendPosition\":\"top\",\"times\":[],\"addTimeMarker\":false},\"aggs\":[{\"id\":\"1\",\"enabled\":true,\"type\":\"max\",\"schema\":\"metric\",\"params\":{\"field\":\"yarn.queue.stats.AllocatedVCores\",\"customLabel\":\"AllocatedVcore\"}},{\"id\":\"2\",\"enabled\":true,\"type\":\"min\",\"schema\":\"metric\",\"params\":{\"field\":\"yarn.queue.stats.AvailableVCores\",\"customLabel\":\"AvailableVcore\"}},{\"id\":\"3\",\"enabled\":true,\"type\":\"date_histogram\",\"schema\":\"segment\",\"params\":{\"field\":\"timestamp\",\"timeRange\":{\"from\":\"now/w\",\"to\":\"now\"},\"useNormalizedEsInterval\":true,\"interval\":\"auto\",\"drop_partials\":false,\"customInterval\":\"2h\",\"min_doc_count\":1,\"extended_bounds\":{}}},{\"id\":\"4\",\"enabled\":true,\"type\":\"terms\",\"schema\":\"group\",\"params\":{\"field\":\"yarn.queue.simplified_name.keyword\",\"size\":5,\"order\":\"desc\",\"orderBy\":\"1\",\"otherBucket\":false,\"otherBucketLabel\":\"Other\",\"missingBucket\":false,\"missingBucketLabel\":\"Missing\",\"json\":\"\",\"customLabel\":\"queue_name\"}}]}",
      "uiStateJSON": "{\"vis\":{\"colors\":{\"root: AllocatedMemoryMB\":\"#EAB839\",\"root: AvailableMemoryMB\":\"#64B0C8\",\"root: AvailableVcore\":\"#64B0C8\",\"root: AllocatedVcore\":\"#CCA300\"}}}",
      "description": "",
      "version": 1,
      "kibanaSavedObjectMeta": {
        "searchSourceJSON": "{\"query\":{\"query\":\"yarn.queue.stats.AllocatedMB > 0 or yarn.queue.stats.AvailableMB > 0\",\"language\":\"kuery\"},\"filter\":[{\"meta\":{\"field\":\"yarn.queue.simplified_name.keyword\",\"alias\":null,\"negate\":false,\"type\":\"phrase\",\"key\":\"yarn.queue.simplified_name.keyword\",\"value\":\"root\",\"params\":{\"query\":\"root\"},\"disabled\":false,\"indexRefName\":\"kibanaSavedObjectMeta.searchSourceJSON.filter[0].meta.index\"},\"script\":{\"script\":{\"source\":\"boolean compare(Supplier s, def v) {return s.get() == v;}compare(() -> { if (!doc['yarn.queue.stats.name.keyword'].empty) { return (doc['yarn.queue.stats.name.keyword'].value.substring(52).replace(',q1=','.').replace(',q2=','.').replace(',q3=','.').replace(',q4=','.'));} else { return 'null';} }, params.value);\",\"lang\":\"painless\",\"params\":{\"value\":\"root\"}}},\"$state\":{\"store\":\"appState\"}}],\"indexRefName\":\"kibanaSavedObjectMeta.searchSourceJSON.index\"}"
      }
    },
    "_migrationVersion": {
      "visualization": "7.0.1"
    },
    "_references": [
      {
        "name": "kibanaSavedObjectMeta.searchSourceJSON.index",
        "type": "index-pattern",
        "id": "46452290-f414-11e9-9265-1f1d70353788"
      },
      {
        "name": "kibanaSavedObjectMeta.searchSourceJSON.filter[0].meta.index",
        "type": "index-pattern",
        "id": "46452290-f414-11e9-9265-1f1d70353788"
      }
    ]
  },
  {
    "_id": "d7fc03b0-1035-11ea-b895-87776881234f",
    "_type": "visualization",
    "_source": {
      "title": "[OCBMETRICS][PROD] YARN Memory Avg Load",
      "visState": "{\"title\":\"[OCBMETRICS][PROD] YARN Memory Avg Load\",\"type\":\"histogram\",\"params\":{\"type\":\"histogram\",\"grid\":{\"categoryLines\":false},\"categoryAxes\":[{\"id\":\"CategoryAxis-1\",\"type\":\"category\",\"position\":\"bottom\",\"show\":true,\"style\":{},\"scale\":{\"type\":\"linear\"},\"labels\":{\"show\":true,\"truncate\":100},\"title\":{}}],\"valueAxes\":[{\"id\":\"ValueAxis-1\",\"name\":\"LeftAxis-1\",\"type\":\"value\",\"position\":\"left\",\"show\":true,\"style\":{},\"scale\":{\"type\":\"linear\",\"mode\":\"percentage\",\"defaultYExtents\":false,\"setYExtents\":false},\"labels\":{\"show\":true,\"rotate\":0,\"filter\":false,\"truncate\":100},\"title\":{\"text\":\"AvgAllocatedMemoryMB\"}}],\"seriesParams\":[{\"show\":\"true\",\"type\":\"histogram\",\"mode\":\"stacked\",\"data\":{\"label\":\"AllocatedMemoryMB\",\"id\":\"1\"},\"valueAxis\":\"ValueAxis-1\",\"drawLinesBetweenPoints\":true,\"showCircles\":true},{\"show\":true,\"mode\":\"stacked\",\"type\":\"histogram\",\"drawLinesBetweenPoints\":true,\"showCircles\":true,\"data\":{\"id\":\"2\",\"label\":\"AvailableMemoryMB\"},\"valueAxis\":\"ValueAxis-1\"}],\"addTooltip\":false,\"addLegend\":true,\"legendPosition\":\"top\",\"times\":[],\"addTimeMarker\":false},\"aggs\":[{\"id\":\"1\",\"enabled\":true,\"type\":\"avg\",\"schema\":\"metric\",\"params\":{\"field\":\"yarn.queue.stats.AllocatedMB\",\"customLabel\":\"AllocatedMemoryMB\"}},{\"id\":\"2\",\"enabled\":true,\"type\":\"avg\",\"schema\":\"metric\",\"params\":{\"field\":\"yarn.queue.stats.AvailableMB\",\"customLabel\":\"AvailableMemoryMB\"}},{\"id\":\"3\",\"enabled\":true,\"type\":\"date_histogram\",\"schema\":\"segment\",\"params\":{\"field\":\"timestamp\",\"timeRange\":{\"from\":\"now/w\",\"to\":\"now\"},\"useNormalizedEsInterval\":true,\"interval\":\"auto\",\"drop_partials\":false,\"customInterval\":\"2h\",\"min_doc_count\":1,\"extended_bounds\":{}}},{\"id\":\"4\",\"enabled\":true,\"type\":\"terms\",\"schema\":\"group\",\"params\":{\"field\":\"yarn.queue.simplified_name.keyword\",\"size\":5,\"order\":\"desc\",\"orderBy\":\"1\",\"otherBucket\":false,\"otherBucketLabel\":\"Other\",\"missingBucket\":false,\"missingBucketLabel\":\"Missing\",\"json\":\"\",\"customLabel\":\"queue_name\"}}]}",
      "uiStateJSON": "{\"vis\":{\"colors\":{\"root: AllocatedMemoryMB\":\"#CCA300\",\"root: AvailableMemoryMB\":\"#64B0C8\"}}}",
      "description": "",
      "version": 1,
      "kibanaSavedObjectMeta": {
        "searchSourceJSON": "{\"query\":{\"query\":\"yarn.queue.stats.AllocatedMB > 0 or yarn.queue.stats.AvailableMB > 0\",\"language\":\"kuery\"},\"filter\":[{\"meta\":{\"field\":\"yarn.queue.simplified_name.keyword\",\"alias\":null,\"negate\":false,\"type\":\"phrase\",\"key\":\"yarn.queue.simplified_name.keyword\",\"value\":\"root\",\"params\":{\"query\":\"root\"},\"disabled\":false,\"indexRefName\":\"kibanaSavedObjectMeta.searchSourceJSON.filter[0].meta.index\"},\"script\":{\"script\":{\"source\":\"boolean compare(Supplier s, def v) {return s.get() == v;}compare(() -> { if (!doc['yarn.queue.stats.name.keyword'].empty) { return (doc['yarn.queue.stats.name.keyword'].value.substring(52).replace(',q1=','.').replace(',q2=','.').replace(',q3=','.').replace(',q4=','.'));} else { return 'null';} }, params.value);\",\"lang\":\"painless\",\"params\":{\"value\":\"root\"}}},\"$state\":{\"store\":\"appState\"}}],\"indexRefName\":\"kibanaSavedObjectMeta.searchSourceJSON.index\"}"
      }
    },
    "_migrationVersion": {
      "visualization": "7.0.1"
    },
    "_references": [
      {
        "name": "kibanaSavedObjectMeta.searchSourceJSON.index",
        "type": "index-pattern",
        "id": "46452290-f414-11e9-9265-1f1d70353788"
      },
      {
        "name": "kibanaSavedObjectMeta.searchSourceJSON.filter[0].meta.index",
        "type": "index-pattern",
        "id": "46452290-f414-11e9-9265-1f1d70353788"
      }
    ]
  },
  {
    "_id": "7990ffe0-102d-11ea-b895-87776881234f",
    "_type": "visualization",
    "_source": {
      "title": "[OCBMETRICS]Yarn Vcore Avg Load",
      "visState": "{\"title\":\"[OCBMETRICS]Yarn Vcore Avg Load\",\"type\":\"histogram\",\"params\":{\"type\":\"histogram\",\"grid\":{\"categoryLines\":false},\"categoryAxes\":[{\"id\":\"CategoryAxis-1\",\"type\":\"category\",\"position\":\"bottom\",\"show\":true,\"style\":{},\"scale\":{\"type\":\"linear\"},\"labels\":{\"show\":true,\"truncate\":100},\"title\":{}}],\"valueAxes\":[{\"id\":\"ValueAxis-1\",\"name\":\"LeftAxis-1\",\"type\":\"value\",\"position\":\"left\",\"show\":true,\"style\":{},\"scale\":{\"type\":\"linear\",\"mode\":\"percentage\"},\"labels\":{\"show\":true,\"rotate\":0,\"filter\":false,\"truncate\":100},\"title\":{\"text\":\"AvgAllocatedVcore\"}}],\"seriesParams\":[{\"show\":\"true\",\"type\":\"histogram\",\"mode\":\"stacked\",\"data\":{\"label\":\"AllocatedVcore\",\"id\":\"1\"},\"valueAxis\":\"ValueAxis-1\",\"drawLinesBetweenPoints\":true,\"showCircles\":true},{\"show\":true,\"mode\":\"stacked\",\"type\":\"histogram\",\"drawLinesBetweenPoints\":true,\"showCircles\":true,\"data\":{\"id\":\"2\",\"label\":\"AvailableVcore\"},\"valueAxis\":\"ValueAxis-1\"}],\"addTooltip\":true,\"addLegend\":true,\"legendPosition\":\"top\",\"times\":[],\"addTimeMarker\":false},\"aggs\":[{\"id\":\"1\",\"enabled\":true,\"type\":\"avg\",\"schema\":\"metric\",\"params\":{\"field\":\"yarn.queue.stats.AllocatedVCores\",\"customLabel\":\"AllocatedVcore\"}},{\"id\":\"2\",\"enabled\":true,\"type\":\"avg\",\"schema\":\"metric\",\"params\":{\"field\":\"yarn.queue.stats.AvailableVCores\",\"customLabel\":\"AvailableVcore\"}},{\"id\":\"3\",\"enabled\":true,\"type\":\"date_histogram\",\"schema\":\"segment\",\"params\":{\"field\":\"timestamp\",\"timeRange\":{\"from\":\"now/w\",\"to\":\"now\"},\"useNormalizedEsInterval\":true,\"interval\":\"auto\",\"drop_partials\":false,\"customInterval\":\"2h\",\"min_doc_count\":1,\"extended_bounds\":{}}},{\"id\":\"4\",\"enabled\":true,\"type\":\"terms\",\"schema\":\"group\",\"params\":{\"field\":\"yarn.queue.simplified_name.keyword\",\"size\":5,\"order\":\"desc\",\"orderBy\":\"1\",\"otherBucket\":false,\"otherBucketLabel\":\"Other\",\"missingBucket\":false,\"missingBucketLabel\":\"Missing\",\"json\":\"\",\"customLabel\":\"queue_name\"}}]}",
      "uiStateJSON": "{\"vis\":{\"colors\":{\"root: AvgAllocatedVcore\":\"#CCA300\",\"root: AvgAvailableVcore\":\"#64B0C8\",\"root: AllocatedVcore\":\"#CCA300\",\"root: AvailableVcore\":\"#64B0C8\"}}}",
      "description": "",
      "version": 1,
      "kibanaSavedObjectMeta": {
        "searchSourceJSON": "{\"query\":{\"query\":\"yarn.queue.stats.AllocatedMB > 0 or yarn.queue.stats.AvailableMB > 0\",\"language\":\"kuery\"},\"filter\":[{\"meta\":{\"field\":\"yarn.queue.simplified_name.keyword\",\"alias\":null,\"negate\":false,\"type\":\"phrase\",\"key\":\"yarn.queue.simplified_name.keyword\",\"value\":\"root\",\"params\":{\"query\":\"root\"},\"disabled\":false,\"indexRefName\":\"kibanaSavedObjectMeta.searchSourceJSON.filter[0].meta.index\"},\"script\":{\"script\":{\"source\":\"boolean compare(Supplier s, def v) {return s.get() == v;}compare(() -> { if (!doc['yarn.queue.stats.name.keyword'].empty) { return (doc['yarn.queue.stats.name.keyword'].value.substring(52).replace(',q1=','.').replace(',q2=','.').replace(',q3=','.').replace(',q4=','.'));} else { return 'null';} }, params.value);\",\"lang\":\"painless\",\"params\":{\"value\":\"root\"}}},\"$state\":{\"store\":\"appState\"}}],\"indexRefName\":\"kibanaSavedObjectMeta.searchSourceJSON.index\"}"
      }
    },
    "_migrationVersion": {
      "visualization": "7.0.1"
    },
    "_references": [
      {
        "name": "kibanaSavedObjectMeta.searchSourceJSON.index",
        "type": "index-pattern",
        "id": "3c828220-f414-11e9-9265-1f1d70353788"
      },
      {
        "name": "kibanaSavedObjectMeta.searchSourceJSON.filter[0].meta.index",
        "type": "index-pattern",
        "id": "3c828220-f414-11e9-9265-1f1d70353788"
      }
    ]
  },
  {
    "_id": "291df910-1036-11ea-b895-87776881234f",
    "_type": "visualization",
    "_source": {
      "title": "[OCBMETRICS][PROD] YARN Memory Max Load",
      "visState": "{\"aggs\":[{\"enabled\":true,\"id\":\"1\",\"params\":{\"customLabel\":\"AllocatedMemoryMB\",\"field\":\"yarn.queue.stats.AllocatedMB\"},\"schema\":\"metric\",\"type\":\"max\"},{\"enabled\":true,\"id\":\"2\",\"params\":{\"customLabel\":\"AvailableMemoryMB\",\"field\":\"yarn.queue.stats.AvailableMB\"},\"schema\":\"metric\",\"type\":\"min\"},{\"enabled\":true,\"id\":\"3\",\"params\":{\"customInterval\":\"2h\",\"drop_partials\":false,\"extended_bounds\":{},\"field\":\"timestamp\",\"interval\":\"auto\",\"min_doc_count\":1,\"timeRange\":{\"from\":\"now/w\",\"to\":\"now\"},\"useNormalizedEsInterval\":true},\"schema\":\"segment\",\"type\":\"date_histogram\"},{\"enabled\":true,\"id\":\"4\",\"params\":{\"customLabel\":\"queue_name\",\"field\":\"yarn.queue.simplified_name.keyword\",\"json\":\"\",\"missingBucket\":false,\"missingBucketLabel\":\"Missing\",\"order\":\"desc\",\"orderBy\":\"1\",\"otherBucket\":false,\"otherBucketLabel\":\"Other\",\"size\":5},\"schema\":\"group\",\"type\":\"terms\"}],\"params\":{\"addLegend\":true,\"addTimeMarker\":false,\"addTooltip\":true,\"categoryAxes\":[{\"id\":\"CategoryAxis-1\",\"labels\":{\"show\":true,\"truncate\":100},\"position\":\"bottom\",\"scale\":{\"type\":\"linear\"},\"show\":true,\"style\":{},\"title\":{},\"type\":\"category\"}],\"grid\":{\"categoryLines\":false},\"legendPosition\":\"top\",\"seriesParams\":[{\"data\":{\"id\":\"1\",\"label\":\"AllocatedMemoryMB\"},\"drawLinesBetweenPoints\":true,\"mode\":\"stacked\",\"show\":\"true\",\"showCircles\":true,\"type\":\"histogram\",\"valueAxis\":\"ValueAxis-1\"},{\"data\":{\"id\":\"2\",\"label\":\"AvailableMemoryMB\"},\"drawLinesBetweenPoints\":true,\"mode\":\"stacked\",\"show\":true,\"showCircles\":true,\"type\":\"histogram\",\"valueAxis\":\"ValueAxis-1\"}],\"times\":[],\"type\":\"histogram\",\"valueAxes\":[{\"id\":\"ValueAxis-1\",\"labels\":{\"filter\":false,\"rotate\":0,\"show\":true,\"truncate\":100},\"name\":\"LeftAxis-1\",\"position\":\"left\",\"scale\":{\"mode\":\"percentage\",\"type\":\"linear\"},\"show\":true,\"style\":{},\"title\":{\"text\":\"MaxAllocatedMemoryMB\"},\"type\":\"value\"}]},\"title\":\"[OCBMETRICS][PROD] YARN Memory Max Load\",\"type\":\"histogram\"}",
      "uiStateJSON": "{\"vis\":{\"colors\":{\"root: AllocatedMemoryMB\":\"#CCA300\",\"root: AvailableMemoryMB\":\"#64B0C8\"}}}",
      "description": "",
      "version": 1,
      "kibanaSavedObjectMeta": {
        "searchSourceJSON": "{\"query\":{\"query\":\"yarn.queue.stats.AllocatedMB > 0 or yarn.queue.stats.AvailableMB > 0\",\"language\":\"kuery\"},\"filter\":[{\"$state\":{\"store\":\"appState\"},\"meta\":{\"alias\":null,\"disabled\":false,\"field\":\"yarn.queue.simplified_name.keyword\",\"key\":\"yarn.queue.simplified_name.keyword\",\"negate\":false,\"params\":{\"query\":\"root\"},\"type\":\"phrase\",\"value\":\"root\",\"indexRefName\":\"kibanaSavedObjectMeta.searchSourceJSON.filter[0].meta.index\"},\"script\":{\"script\":{\"lang\":\"painless\",\"params\":{\"value\":\"root\"},\"source\":\"boolean compare(Supplier s, def v) {return s.get() == v;}compare(() -> { if (!doc['yarn.queue.stats.name.keyword'].empty) { return (doc['yarn.queue.stats.name.keyword'].value.substring(52).replace(',q1=','.').replace(',q2=','.').replace(',q3=','.').replace(',q4=','.'));} else { return 'null';} }, params.value);\"}}}],\"indexRefName\":\"kibanaSavedObjectMeta.searchSourceJSON.index\"}"
      }
    },
    "_migrationVersion": {
      "visualization": "7.0.1"
    },
    "_references": [
      {
        "name": "kibanaSavedObjectMeta.searchSourceJSON.index",
        "type": "index-pattern",
        "id": "46452290-f414-11e9-9265-1f1d70353788"
      },
      {
        "name": "kibanaSavedObjectMeta.searchSourceJSON.filter[0].meta.index",
        "type": "index-pattern",
        "id": "46452290-f414-11e9-9265-1f1d70353788"
      }
    ]
  },
  {
    "_id": "94c2a730-1034-11ea-b895-87776881234f",
    "_type": "visualization",
    "_source": {
      "title": "[OCBMETRICS][PROD] YARN Vcore Avg Load",
      "visState": "{\"title\":\"[OCBMETRICS][PROD] YARN Vcore Avg Load\",\"type\":\"histogram\",\"params\":{\"type\":\"histogram\",\"grid\":{\"categoryLines\":false},\"categoryAxes\":[{\"id\":\"CategoryAxis-1\",\"type\":\"category\",\"position\":\"bottom\",\"show\":true,\"style\":{},\"scale\":{\"type\":\"linear\"},\"labels\":{\"show\":true,\"truncate\":100},\"title\":{}}],\"valueAxes\":[{\"id\":\"ValueAxis-1\",\"name\":\"LeftAxis-1\",\"type\":\"value\",\"position\":\"left\",\"show\":true,\"style\":{},\"scale\":{\"type\":\"linear\",\"mode\":\"percentage\"},\"labels\":{\"show\":true,\"rotate\":0,\"filter\":false,\"truncate\":100},\"title\":{\"text\":\"AvgAllocatedVcore\"}}],\"seriesParams\":[{\"show\":\"true\",\"type\":\"histogram\",\"mode\":\"stacked\",\"data\":{\"label\":\"AllocatedVcore\",\"id\":\"1\"},\"valueAxis\":\"ValueAxis-1\",\"drawLinesBetweenPoints\":true,\"showCircles\":true},{\"show\":true,\"mode\":\"stacked\",\"type\":\"histogram\",\"drawLinesBetweenPoints\":true,\"showCircles\":true,\"data\":{\"id\":\"2\",\"label\":\"AvailableVcore\"},\"valueAxis\":\"ValueAxis-1\"}],\"addTooltip\":true,\"addLegend\":true,\"legendPosition\":\"top\",\"times\":[],\"addTimeMarker\":false},\"aggs\":[{\"id\":\"1\",\"enabled\":true,\"type\":\"avg\",\"schema\":\"metric\",\"params\":{\"field\":\"yarn.queue.stats.AllocatedVCores\",\"customLabel\":\"AllocatedVcore\"}},{\"id\":\"2\",\"enabled\":true,\"type\":\"avg\",\"schema\":\"metric\",\"params\":{\"field\":\"yarn.queue.stats.AvailableVCores\",\"customLabel\":\"AvailableVcore\"}},{\"id\":\"3\",\"enabled\":true,\"type\":\"date_histogram\",\"schema\":\"segment\",\"params\":{\"field\":\"timestamp\",\"timeRange\":{\"from\":\"now/w\",\"to\":\"now\"},\"useNormalizedEsInterval\":true,\"interval\":\"auto\",\"drop_partials\":false,\"customInterval\":\"2h\",\"min_doc_count\":1,\"extended_bounds\":{}}},{\"id\":\"4\",\"enabled\":true,\"type\":\"terms\",\"schema\":\"group\",\"params\":{\"field\":\"yarn.queue.simplified_name.keyword\",\"size\":5,\"order\":\"desc\",\"orderBy\":\"1\",\"otherBucket\":false,\"otherBucketLabel\":\"Other\",\"missingBucket\":false,\"missingBucketLabel\":\"Missing\",\"json\":\"\",\"customLabel\":\"queue_name\"}}]}",
      "uiStateJSON": "{\"vis\":{\"colors\":{\"root: AllocatedVcore\":\"#CCA300\",\"root: AvailableVcore\":\"#64B0C8\"}}}",
      "description": "",
      "version": 1,
      "kibanaSavedObjectMeta": {
        "searchSourceJSON": "{\"query\":{\"query\":\"yarn.queue.stats.AllocatedMB > 0 or yarn.queue.stats.AvailableMB > 0\",\"language\":\"kuery\"},\"filter\":[{\"meta\":{\"field\":\"yarn.queue.simplified_name.keyword\",\"alias\":null,\"negate\":false,\"type\":\"phrase\",\"key\":\"yarn.queue.simplified_name.keyword\",\"value\":\"root\",\"params\":{\"query\":\"root\"},\"disabled\":false,\"indexRefName\":\"kibanaSavedObjectMeta.searchSourceJSON.filter[0].meta.index\"},\"script\":{\"script\":{\"source\":\"boolean compare(Supplier s, def v) {return s.get() == v;}compare(() -> { if (!doc['yarn.queue.stats.name.keyword'].empty) { return (doc['yarn.queue.stats.name.keyword'].value.substring(52).replace(',q1=','.').replace(',q2=','.').replace(',q3=','.').replace(',q4=','.'));} else { return 'null';} }, params.value);\",\"lang\":\"painless\",\"params\":{\"value\":\"root\"}}},\"$state\":{\"store\":\"appState\"}}],\"indexRefName\":\"kibanaSavedObjectMeta.searchSourceJSON.index\"}"
      }
    },
    "_migrationVersion": {
      "visualization": "7.0.1"
    },
    "_references": [
      {
        "name": "kibanaSavedObjectMeta.searchSourceJSON.index",
        "type": "index-pattern",
        "id": "46452290-f414-11e9-9265-1f1d70353788"
      },
      {
        "name": "kibanaSavedObjectMeta.searchSourceJSON.filter[0].meta.index",
        "type": "index-pattern",
        "id": "46452290-f414-11e9-9265-1f1d70353788"
      }
    ]
  },
  {
    "_id": "9ca6e450-102c-11ea-b895-87776881234f",
    "_type": "visualization",
    "_source": {
      "title": "[OCBMETRICS]Yarn Memory Avg Load",
      "visState": "{\"title\":\"[OCBMETRICS]Yarn Memory Avg Load\",\"type\":\"histogram\",\"params\":{\"type\":\"histogram\",\"grid\":{\"categoryLines\":false},\"categoryAxes\":[{\"id\":\"CategoryAxis-1\",\"type\":\"category\",\"position\":\"bottom\",\"show\":true,\"style\":{},\"scale\":{\"type\":\"linear\"},\"labels\":{\"show\":true,\"truncate\":100},\"title\":{}}],\"valueAxes\":[{\"id\":\"ValueAxis-1\",\"name\":\"LeftAxis-1\",\"type\":\"value\",\"position\":\"left\",\"show\":true,\"style\":{},\"scale\":{\"type\":\"linear\",\"mode\":\"percentage\"},\"labels\":{\"show\":true,\"rotate\":0,\"filter\":false,\"truncate\":100},\"title\":{\"text\":\"AvgAllocatedMemory\"}}],\"seriesParams\":[{\"show\":\"true\",\"type\":\"histogram\",\"mode\":\"stacked\",\"data\":{\"label\":\"AvgAllocatedMemory\",\"id\":\"1\"},\"valueAxis\":\"ValueAxis-1\",\"drawLinesBetweenPoints\":true,\"showCircles\":true},{\"show\":true,\"mode\":\"stacked\",\"type\":\"histogram\",\"drawLinesBetweenPoints\":true,\"showCircles\":true,\"data\":{\"id\":\"2\",\"label\":\"AvgAvailableMemory\"},\"valueAxis\":\"ValueAxis-1\"}],\"addTooltip\":false,\"addLegend\":true,\"legendPosition\":\"top\",\"times\":[],\"addTimeMarker\":false},\"aggs\":[{\"id\":\"1\",\"enabled\":true,\"type\":\"avg\",\"schema\":\"metric\",\"params\":{\"field\":\"yarn.queue.stats.AllocatedMB\",\"customLabel\":\"AvgAllocatedMemory\"}},{\"id\":\"2\",\"enabled\":true,\"type\":\"avg\",\"schema\":\"metric\",\"params\":{\"field\":\"yarn.queue.stats.AvailableMB\",\"customLabel\":\"AvgAvailableMemory\"}},{\"id\":\"3\",\"enabled\":true,\"type\":\"date_histogram\",\"schema\":\"segment\",\"params\":{\"field\":\"timestamp\",\"timeRange\":{\"from\":\"now/w\",\"to\":\"now\"},\"useNormalizedEsInterval\":true,\"interval\":\"auto\",\"drop_partials\":false,\"customInterval\":\"2h\",\"min_doc_count\":1,\"extended_bounds\":{}}},{\"id\":\"4\",\"enabled\":true,\"type\":\"terms\",\"schema\":\"group\",\"params\":{\"field\":\"yarn.queue.simplified_name.keyword\",\"size\":5,\"order\":\"desc\",\"orderBy\":\"1\",\"otherBucket\":false,\"otherBucketLabel\":\"Other\",\"missingBucket\":false,\"missingBucketLabel\":\"Missing\",\"json\":\"\",\"customLabel\":\"queue_name\"}}]}",
      "uiStateJSON": "{\"vis\":{\"colors\":{\"root: AvgAvailableMemory\":\"#64B0C8\",\"root: AvgAllocatedMemory\":\"#CCA300\"}}}",
      "description": "",
      "version": 1,
      "kibanaSavedObjectMeta": {
        "searchSourceJSON": "{\"query\":{\"query\":\"yarn.queue.stats.AllocatedMB > 0 or yarn.queue.stats.AvailableMB > 0\",\"language\":\"kuery\"},\"filter\":[{\"meta\":{\"field\":\"yarn.queue.simplified_name.keyword\",\"alias\":null,\"negate\":false,\"type\":\"phrase\",\"key\":\"yarn.queue.simplified_name.keyword\",\"value\":\"root\",\"params\":{\"query\":\"root\"},\"disabled\":false,\"indexRefName\":\"kibanaSavedObjectMeta.searchSourceJSON.filter[0].meta.index\"},\"script\":{\"script\":{\"source\":\"boolean compare(Supplier s, def v) {return s.get() == v;}compare(() -> { if (!doc['yarn.queue.stats.name.keyword'].empty) { return (doc['yarn.queue.stats.name.keyword'].value.substring(52).replace(',q1=','.').replace(',q2=','.').replace(',q3=','.').replace(',q4=','.'));} else { return 'null';} }, params.value);\",\"lang\":\"painless\",\"params\":{\"value\":\"root\"}}},\"$state\":{\"store\":\"appState\"}}],\"indexRefName\":\"kibanaSavedObjectMeta.searchSourceJSON.index\"}"
      }
    },
    "_migrationVersion": {
      "visualization": "7.0.1"
    },
    "_references": [
      {
        "name": "kibanaSavedObjectMeta.searchSourceJSON.index",
        "type": "index-pattern",
        "id": "3c828220-f414-11e9-9265-1f1d70353788"
      },
      {
        "name": "kibanaSavedObjectMeta.searchSourceJSON.filter[0].meta.index",
        "type": "index-pattern",
        "id": "3c828220-f414-11e9-9265-1f1d70353788"
      }
    ]
  },
  {
    "_id": "e20d3650-216d-11ea-91bc-157df11ac97c",
    "_type": "visualization",
    "_source": {
      "title": " [OCBMETRICS]  Yarn Memory Load Repartition Per Queue",
      "visState": "{\"title\":\" [OCBMETRICS]  Yarn Memory Load Repartition Per Queue\",\"type\":\"line\",\"params\":{\"addLegend\":true,\"addTimeMarker\":false,\"addTooltip\":true,\"categoryAxes\":[{\"id\":\"CategoryAxis-1\",\"labels\":{\"show\":true,\"truncate\":100},\"position\":\"bottom\",\"scale\":{\"type\":\"linear\"},\"show\":true,\"style\":{},\"title\":{},\"type\":\"category\"}],\"grid\":{\"categoryLines\":false},\"legendPosition\":\"right\",\"seriesParams\":[{\"data\":{\"id\":\"1\",\"label\":\"AvgAllocatedMemory\"},\"drawLinesBetweenPoints\":true,\"mode\":\"stacked\",\"show\":\"true\",\"showCircles\":true,\"type\":\"histogram\",\"valueAxis\":\"ValueAxis-1\"}],\"times\":[],\"type\":\"line\",\"valueAxes\":[{\"id\":\"ValueAxis-1\",\"labels\":{\"filter\":false,\"rotate\":0,\"show\":true,\"truncate\":100},\"name\":\"LeftAxis-1\",\"position\":\"left\",\"scale\":{\"mode\":\"normal\",\"type\":\"linear\"},\"show\":true,\"style\":{},\"title\":{\"text\":\"AvgAllocatedMemory\"},\"type\":\"value\"}]},\"aggs\":[{\"id\":\"1\",\"enabled\":true,\"type\":\"avg\",\"schema\":\"metric\",\"params\":{\"field\":\"yarn.queue.stats.AllocatedMB\",\"customLabel\":\"AvgAllocatedMemory\"}},{\"id\":\"2\",\"enabled\":true,\"type\":\"date_histogram\",\"schema\":\"segment\",\"params\":{\"field\":\"timestamp\",\"timeRange\":{\"from\":\"2019-12-02T11:59:39.537Z\",\"to\":\"2019-12-02T12:50:14.004Z\"},\"useNormalizedEsInterval\":true,\"interval\":\"auto\",\"drop_partials\":false,\"customInterval\":\"2h\",\"min_doc_count\":1,\"extended_bounds\":{}}},{\"id\":\"3\",\"enabled\":true,\"type\":\"terms\",\"schema\":\"group\",\"params\":{\"field\":\"yarn.queue.simplified_name.keyword\",\"size\":100,\"order\":\"desc\",\"orderBy\":\"1\",\"otherBucket\":false,\"otherBucketLabel\":\"Other\",\"missingBucket\":false,\"missingBucketLabel\":\"Missing\",\"exclude\":\"\",\"json\":\"\"}}]}",
      "uiStateJSON": "{}",
      "description": "",
      "version": 1,
      "kibanaSavedObjectMeta": {
        "searchSourceJSON": "{\"query\":{\"language\":\"kuery\",\"query\":\"(yarn.queue.stats.AllocatedMB > 0 or yarn.queue.stats.AvailableMB > 0) and yarn.queue.stats.AllocatedMB > 0\"},\"filter\":[{\"$state\":{\"store\":\"appState\"},\"meta\":{\"alias\":null,\"disabled\":false,\"key\":\"yarn.queue.simplified_name.keyword\",\"negate\":true,\"params\":[\"root.UseCase\",\"root.DataLab\",\"root\",\"root.UseCase.VoMo\"],\"type\":\"phrases\",\"value\":\"root.UseCase, root.DataLab, root, root.UseCase.VoMo\",\"indexRefName\":\"kibanaSavedObjectMeta.searchSourceJSON.filter[0].meta.index\"},\"query\":{\"bool\":{\"minimum_should_match\":1,\"should\":[{\"script\":{\"script\":{\"lang\":\"painless\",\"params\":{\"value\":\"root.UseCase\"},\"source\":\"boolean compare(Supplier s, def v) {return s.get() == v;}compare(() -> { if (!doc['yarn.queue.stats.name.keyword'].empty) { return (doc['yarn.queue.stats.name.keyword'].value.substring(52).replace(',q1=','.').replace(',q2=','.').replace(',q3=','.').replace(',q4=','.'));} else { return 'null';} }, params.value);\"}}},{\"script\":{\"script\":{\"lang\":\"painless\",\"params\":{\"value\":\"root.DataLab\"},\"source\":\"boolean compare(Supplier s, def v) {return s.get() == v;}compare(() -> { if (!doc['yarn.queue.stats.name.keyword'].empty) { return (doc['yarn.queue.stats.name.keyword'].value.substring(52).replace(',q1=','.').replace(',q2=','.').replace(',q3=','.').replace(',q4=','.'));} else { return 'null';} }, params.value);\"}}},{\"script\":{\"script\":{\"lang\":\"painless\",\"params\":{\"value\":\"root\"},\"source\":\"boolean compare(Supplier s, def v) {return s.get() == v;}compare(() -> { if (!doc['yarn.queue.stats.name.keyword'].empty) { return (doc['yarn.queue.stats.name.keyword'].value.substring(52).replace(',q1=','.').replace(',q2=','.').replace(',q3=','.').replace(',q4=','.'));} else { return 'null';} }, params.value);\"}}},{\"script\":{\"script\":{\"lang\":\"painless\",\"params\":{\"value\":\"root.UseCase.VoMo\"},\"source\":\"boolean compare(Supplier s, def v) {return s.get() == v;}compare(() -> { if (!doc['yarn.queue.stats.name.keyword'].empty) { return (doc['yarn.queue.stats.name.keyword'].value.substring(52).replace(',q1=','.').replace(',q2=','.').replace(',q3=','.').replace(',q4=','.'));} else { return 'null';} }, params.value);\"}}}]}}}],\"indexRefName\":\"kibanaSavedObjectMeta.searchSourceJSON.index\"}"
      }
    },
    "_migrationVersion": {
      "visualization": "7.0.1"
    },
    "_references": [
      {
        "name": "kibanaSavedObjectMeta.searchSourceJSON.index",
        "type": "index-pattern",
        "id": "3c828220-f414-11e9-9265-1f1d70353788"
      },
      {
        "name": "kibanaSavedObjectMeta.searchSourceJSON.filter[0].meta.index",
        "type": "index-pattern",
        "id": "3c828220-f414-11e9-9265-1f1d70353788"
      }
    ]
  },
  {
    "_id": "63d82a70-2176-11ea-91bc-157df11ac97c",
    "_type": "visualization",
    "_source": {
      "title": " [OCBMETRICS] [PROD] Yarn Memory Load Repartition Per Queue",
      "visState": "{\"aggs\":[{\"enabled\":true,\"id\":\"1\",\"params\":{\"customLabel\":\"AllocatedMemoryMB\",\"field\":\"yarn.queue.stats.AllocatedMB\"},\"schema\":\"metric\",\"type\":\"avg\"},{\"enabled\":true,\"id\":\"2\",\"params\":{\"customInterval\":\"2h\",\"drop_partials\":false,\"extended_bounds\":{},\"field\":\"timestamp\",\"interval\":\"auto\",\"min_doc_count\":1,\"timeRange\":{\"from\":\"2019-12-02T11:59:39.537Z\",\"to\":\"2019-12-02T12:50:14.004Z\"},\"useNormalizedEsInterval\":true},\"schema\":\"segment\",\"type\":\"date_histogram\"},{\"enabled\":true,\"id\":\"3\",\"params\":{\"customLabel\":\"queue_name\",\"exclude\":\"\",\"field\":\"yarn.queue.simplified_name.keyword\",\"include\":\"\",\"json\":\"\",\"missingBucket\":false,\"missingBucketLabel\":\"Missing\",\"order\":\"desc\",\"orderBy\":\"1\",\"otherBucket\":false,\"otherBucketLabel\":\"Other\",\"size\":100},\"schema\":\"group\",\"type\":\"terms\"}],\"params\":{\"addLegend\":true,\"addTimeMarker\":false,\"addTooltip\":true,\"categoryAxes\":[{\"id\":\"CategoryAxis-1\",\"labels\":{\"show\":true,\"truncate\":100},\"position\":\"bottom\",\"scale\":{\"type\":\"linear\"},\"show\":true,\"style\":{},\"title\":{},\"type\":\"category\"}],\"grid\":{\"categoryLines\":false},\"legendPosition\":\"right\",\"seriesParams\":[{\"data\":{\"id\":\"1\",\"label\":\"AllocatedMemoryMB\"},\"drawLinesBetweenPoints\":true,\"mode\":\"stacked\",\"show\":\"true\",\"showCircles\":true,\"type\":\"histogram\",\"valueAxis\":\"ValueAxis-1\"}],\"times\":[],\"type\":\"histogram\",\"valueAxes\":[{\"id\":\"ValueAxis-1\",\"labels\":{\"filter\":false,\"rotate\":0,\"show\":true,\"truncate\":100},\"name\":\"LeftAxis-1\",\"position\":\"left\",\"scale\":{\"mode\":\"normal\",\"type\":\"linear\"},\"show\":true,\"style\":{},\"title\":{\"text\":\"AvgAllocatedMemoryMB\"},\"type\":\"value\"}]},\"title\":\" [OCBMETRICS] [PROD] Yarn Memory Load Repartition Per Queue\",\"type\":\"histogram\"}",
      "uiStateJSON": "{}",
      "description": "",
      "version": 1,
      "kibanaSavedObjectMeta": {
        "searchSourceJSON": "{\"query\":{\"language\":\"kuery\",\"query\":\"yarn.queue.stats.AllocatedMB > 0\"},\"filter\":[{\"$state\":{\"store\":\"appState\"},\"meta\":{\"alias\":null,\"disabled\":false,\"key\":\"yarn.queue.simplified_name.keyword\",\"negate\":true,\"params\":[\"root\",\"root.UseCase\",\"root.UseCase.VoMo\"],\"type\":\"phrases\",\"value\":\"root, root.UseCase, root.UseCase.VoMo\",\"indexRefName\":\"kibanaSavedObjectMeta.searchSourceJSON.filter[0].meta.index\"},\"query\":{\"bool\":{\"minimum_should_match\":1,\"should\":[{\"script\":{\"script\":{\"lang\":\"painless\",\"params\":{\"value\":\"root\"},\"source\":\"boolean compare(Supplier s, def v) {return s.get() == v;}compare(() -> { if (!doc['yarn.queue.stats.name.keyword'].empty) { return (doc['yarn.queue.stats.name.keyword'].value.substring(52).replace(',q1=','.').replace(',q2=','.').replace(',q3=','.').replace(',q4=','.'));} else { return 'null';} }, params.value);\"}}},{\"script\":{\"script\":{\"lang\":\"painless\",\"params\":{\"value\":\"root.UseCase\"},\"source\":\"boolean compare(Supplier s, def v) {return s.get() == v;}compare(() -> { if (!doc['yarn.queue.stats.name.keyword'].empty) { return (doc['yarn.queue.stats.name.keyword'].value.substring(52).replace(',q1=','.').replace(',q2=','.').replace(',q3=','.').replace(',q4=','.'));} else { return 'null';} }, params.value);\"}}},{\"script\":{\"script\":{\"lang\":\"painless\",\"params\":{\"value\":\"root.UseCase.VoMo\"},\"source\":\"boolean compare(Supplier s, def v) {return s.get() == v;}compare(() -> { if (!doc['yarn.queue.stats.name.keyword'].empty) { return (doc['yarn.queue.stats.name.keyword'].value.substring(52).replace(',q1=','.').replace(',q2=','.').replace(',q3=','.').replace(',q4=','.'));} else { return 'null';} }, params.value);\"}}}]}}}],\"indexRefName\":\"kibanaSavedObjectMeta.searchSourceJSON.index\"}"
      }
    },
    "_migrationVersion": {
      "visualization": "7.0.1"
    },
    "_references": [
      {
        "name": "kibanaSavedObjectMeta.searchSourceJSON.index",
        "type": "index-pattern",
        "id": "46452290-f414-11e9-9265-1f1d70353788"
      },
      {
        "name": "kibanaSavedObjectMeta.searchSourceJSON.filter[0].meta.index",
        "type": "index-pattern",
        "id": "46452290-f414-11e9-9265-1f1d70353788"
      }
    ]
  },
  {
    "_id": "f368a340-2176-11ea-91bc-157df11ac97c",
    "_type": "visualization",
    "_source": {
      "title": " [OCBMETRICS]  Yarn VCore Load Repartition Per Queue",
      "visState": "{\"title\":\" [OCBMETRICS]  Yarn VCore Load Repartition Per Queue\",\"type\":\"line\",\"params\":{\"type\":\"line\",\"grid\":{\"categoryLines\":false},\"categoryAxes\":[{\"id\":\"CategoryAxis-1\",\"type\":\"category\",\"position\":\"bottom\",\"show\":true,\"style\":{},\"scale\":{\"type\":\"linear\"},\"labels\":{\"show\":true,\"truncate\":100},\"title\":{}}],\"valueAxes\":[{\"id\":\"ValueAxis-1\",\"name\":\"LeftAxis-1\",\"type\":\"value\",\"position\":\"left\",\"show\":true,\"style\":{},\"scale\":{\"type\":\"linear\",\"mode\":\"normal\"},\"labels\":{\"show\":true,\"rotate\":0,\"filter\":false,\"truncate\":100},\"title\":{\"text\":\"AvgAllocatedVCore\"}}],\"seriesParams\":[{\"show\":\"true\",\"type\":\"histogram\",\"mode\":\"stacked\",\"data\":{\"label\":\"AvgAllocatedVCore\",\"id\":\"1\"},\"valueAxis\":\"ValueAxis-1\",\"drawLinesBetweenPoints\":true,\"showCircles\":true}],\"addTooltip\":true,\"addLegend\":true,\"legendPosition\":\"right\",\"times\":[],\"addTimeMarker\":false},\"aggs\":[{\"id\":\"1\",\"enabled\":true,\"type\":\"avg\",\"schema\":\"metric\",\"params\":{\"field\":\"yarn.queue.stats.AllocatedVCores\",\"customLabel\":\"AvgAllocatedVCore\"}},{\"id\":\"2\",\"enabled\":true,\"type\":\"date_histogram\",\"schema\":\"segment\",\"params\":{\"field\":\"timestamp\",\"timeRange\":{\"from\":\"2019-12-02T11:59:39.537Z\",\"to\":\"2019-12-02T12:50:14.004Z\"},\"useNormalizedEsInterval\":true,\"interval\":\"auto\",\"drop_partials\":false,\"customInterval\":\"2h\",\"min_doc_count\":1,\"extended_bounds\":{}}},{\"id\":\"3\",\"enabled\":true,\"type\":\"terms\",\"schema\":\"group\",\"params\":{\"field\":\"yarn.queue.simplified_name.keyword\",\"size\":100,\"order\":\"desc\",\"orderBy\":\"1\",\"otherBucket\":false,\"otherBucketLabel\":\"Other\",\"missingBucket\":false,\"missingBucketLabel\":\"Missing\",\"exclude\":\"\",\"json\":\"\"}}]}",
      "uiStateJSON": "{}",
      "description": "",
      "version": 1,
      "kibanaSavedObjectMeta": {
        "searchSourceJSON": "{\"query\":{\"query\":\"yarn.queue.stats.AllocatedMB > 0\",\"language\":\"kuery\"},\"filter\":[{\"meta\":{\"type\":\"phrases\",\"key\":\"yarn.queue.simplified_name.keyword\",\"value\":\"root, root.UseCase, root.DataLab, root.UseCase.VoMo\",\"params\":[\"root\",\"root.UseCase\",\"root.DataLab\",\"root.UseCase.VoMo\"],\"alias\":null,\"negate\":true,\"disabled\":false,\"indexRefName\":\"kibanaSavedObjectMeta.searchSourceJSON.filter[0].meta.index\"},\"query\":{\"bool\":{\"should\":[{\"script\":{\"script\":{\"source\":\"boolean compare(Supplier s, def v) {return s.get() == v;}compare(() -> { if (!doc['yarn.queue.stats.name.keyword'].empty) { return (doc['yarn.queue.stats.name.keyword'].value.substring(52).replace(',q1=','.').replace(',q2=','.').replace(',q3=','.').replace(',q4=','.'));} else { return 'null';} }, params.value);\",\"lang\":\"painless\",\"params\":{\"value\":\"root\"}}}},{\"script\":{\"script\":{\"source\":\"boolean compare(Supplier s, def v) {return s.get() == v;}compare(() -> { if (!doc['yarn.queue.stats.name.keyword'].empty) { return (doc['yarn.queue.stats.name.keyword'].value.substring(52).replace(',q1=','.').replace(',q2=','.').replace(',q3=','.').replace(',q4=','.'));} else { return 'null';} }, params.value);\",\"lang\":\"painless\",\"params\":{\"value\":\"root.UseCase\"}}}},{\"script\":{\"script\":{\"source\":\"boolean compare(Supplier s, def v) {return s.get() == v;}compare(() -> { if (!doc['yarn.queue.stats.name.keyword'].empty) { return (doc['yarn.queue.stats.name.keyword'].value.substring(52).replace(',q1=','.').replace(',q2=','.').replace(',q3=','.').replace(',q4=','.'));} else { return 'null';} }, params.value);\",\"lang\":\"painless\",\"params\":{\"value\":\"root.DataLab\"}}}},{\"script\":{\"script\":{\"source\":\"boolean compare(Supplier s, def v) {return s.get() == v;}compare(() -> { if (!doc['yarn.queue.stats.name.keyword'].empty) { return (doc['yarn.queue.stats.name.keyword'].value.substring(52).replace(',q1=','.').replace(',q2=','.').replace(',q3=','.').replace(',q4=','.'));} else { return 'null';} }, params.value);\",\"lang\":\"painless\",\"params\":{\"value\":\"root.UseCase.VoMo\"}}}}],\"minimum_should_match\":1}},\"$state\":{\"store\":\"appState\"}}],\"indexRefName\":\"kibanaSavedObjectMeta.searchSourceJSON.index\"}"
      }
    },
    "_migrationVersion": {
      "visualization": "7.0.1"
    },
    "_references": [
      {
        "name": "kibanaSavedObjectMeta.searchSourceJSON.index",
        "type": "index-pattern",
        "id": "3c828220-f414-11e9-9265-1f1d70353788"
      },
      {
        "name": "kibanaSavedObjectMeta.searchSourceJSON.filter[0].meta.index",
        "type": "index-pattern",
        "id": "3c828220-f414-11e9-9265-1f1d70353788"
      }
    ]
  },
  {
    "_id": "3b200340-2177-11ea-91bc-157df11ac97c",
    "_type": "visualization",
    "_source": {
      "title": " [OCBMETRICS] [PROD] Yarn VCore Load Repartition Per Queue",
      "visState": "{\"title\":\" [OCBMETRICS] [PROD] Yarn VCore Load Repartition Per Queue\",\"type\":\"histogram\",\"params\":{\"type\":\"histogram\",\"grid\":{\"categoryLines\":false},\"categoryAxes\":[{\"id\":\"CategoryAxis-1\",\"type\":\"category\",\"position\":\"bottom\",\"show\":true,\"style\":{},\"scale\":{\"type\":\"linear\"},\"labels\":{\"show\":true,\"truncate\":100},\"title\":{}}],\"valueAxes\":[{\"id\":\"ValueAxis-1\",\"name\":\"LeftAxis-1\",\"type\":\"value\",\"position\":\"left\",\"show\":true,\"style\":{},\"scale\":{\"type\":\"linear\",\"mode\":\"normal\"},\"labels\":{\"show\":true,\"rotate\":0,\"filter\":false,\"truncate\":100},\"title\":{\"text\":\"AvgAllocatedVCore\"}}],\"seriesParams\":[{\"show\":\"true\",\"type\":\"histogram\",\"mode\":\"stacked\",\"data\":{\"label\":\"AllocatedVCore\",\"id\":\"1\"},\"valueAxis\":\"ValueAxis-1\",\"drawLinesBetweenPoints\":true,\"showCircles\":true}],\"addTooltip\":true,\"addLegend\":true,\"legendPosition\":\"right\",\"times\":[],\"addTimeMarker\":false},\"aggs\":[{\"id\":\"1\",\"enabled\":true,\"type\":\"avg\",\"schema\":\"metric\",\"params\":{\"field\":\"yarn.queue.stats.AllocatedVCores\",\"customLabel\":\"AllocatedVCore\"}},{\"id\":\"2\",\"enabled\":true,\"type\":\"date_histogram\",\"schema\":\"segment\",\"params\":{\"field\":\"timestamp\",\"timeRange\":{\"from\":\"2019-12-02T11:59:39.537Z\",\"to\":\"2019-12-02T12:50:14.004Z\"},\"useNormalizedEsInterval\":true,\"interval\":\"auto\",\"drop_partials\":false,\"customInterval\":\"2h\",\"min_doc_count\":1,\"extended_bounds\":{}}},{\"id\":\"3\",\"enabled\":true,\"type\":\"terms\",\"schema\":\"group\",\"params\":{\"field\":\"yarn.queue.simplified_name.keyword\",\"size\":100,\"order\":\"desc\",\"orderBy\":\"1\",\"otherBucket\":false,\"otherBucketLabel\":\"Other\",\"missingBucket\":false,\"missingBucketLabel\":\"Missing\",\"exclude\":\"\",\"include\":\"\",\"json\":\"\",\"customLabel\":\"queue_name\"}}]}",
      "uiStateJSON": "{}",
      "description": "",
      "version": 1,
      "kibanaSavedObjectMeta": {
        "searchSourceJSON": "{\"query\":{\"query\":\"yarn.queue.stats.AllocatedMB > 0\",\"language\":\"kuery\"},\"filter\":[{\"meta\":{\"type\":\"phrases\",\"key\":\"yarn.queue.simplified_name.keyword\",\"value\":\"root, root.UseCase, root.UseCase.VoMo\",\"params\":[\"root\",\"root.UseCase\",\"root.UseCase.VoMo\"],\"alias\":null,\"negate\":true,\"disabled\":false,\"indexRefName\":\"kibanaSavedObjectMeta.searchSourceJSON.filter[0].meta.index\"},\"query\":{\"bool\":{\"should\":[{\"script\":{\"script\":{\"source\":\"boolean compare(Supplier s, def v) {return s.get() == v;}compare(() -> { if (!doc['yarn.queue.stats.name.keyword'].empty) { return (doc['yarn.queue.stats.name.keyword'].value.substring(52).replace(',q1=','.').replace(',q2=','.').replace(',q3=','.').replace(',q4=','.'));} else { return 'null';} }, params.value);\",\"lang\":\"painless\",\"params\":{\"value\":\"root\"}}}},{\"script\":{\"script\":{\"source\":\"boolean compare(Supplier s, def v) {return s.get() == v;}compare(() -> { if (!doc['yarn.queue.stats.name.keyword'].empty) { return (doc['yarn.queue.stats.name.keyword'].value.substring(52).replace(',q1=','.').replace(',q2=','.').replace(',q3=','.').replace(',q4=','.'));} else { return 'null';} }, params.value);\",\"lang\":\"painless\",\"params\":{\"value\":\"root.UseCase\"}}}},{\"script\":{\"script\":{\"source\":\"boolean compare(Supplier s, def v) {return s.get() == v;}compare(() -> { if (!doc['yarn.queue.stats.name.keyword'].empty) { return (doc['yarn.queue.stats.name.keyword'].value.substring(52).replace(',q1=','.').replace(',q2=','.').replace(',q3=','.').replace(',q4=','.'));} else { return 'null';} }, params.value);\",\"lang\":\"painless\",\"params\":{\"value\":\"root.UseCase.VoMo\"}}}}],\"minimum_should_match\":1}},\"$state\":{\"store\":\"appState\"}}],\"indexRefName\":\"kibanaSavedObjectMeta.searchSourceJSON.index\"}"
      }
    },
    "_migrationVersion": {
      "visualization": "7.0.1"
    },
    "_references": [
      {
        "name": "kibanaSavedObjectMeta.searchSourceJSON.index",
        "type": "index-pattern",
        "id": "46452290-f414-11e9-9265-1f1d70353788"
      },
      {
        "name": "kibanaSavedObjectMeta.searchSourceJSON.filter[0].meta.index",
        "type": "index-pattern",
        "id": "46452290-f414-11e9-9265-1f1d70353788"
      }
    ]
  },
  {
    "_id": "649219c0-20b4-11ea-91bc-157df11ac97c",
    "_type": "visualization",
    "_source": {
      "title": " [OCBMETRICS]  Yarn Memory Avg Load Per Queue",
      "visState": "{\"title\":\" [OCBMETRICS]  Yarn Memory Avg Load Per Queue\",\"type\":\"line\",\"params\":{\"addLegend\":true,\"addTimeMarker\":false,\"addTooltip\":true,\"categoryAxes\":[{\"id\":\"CategoryAxis-1\",\"labels\":{\"show\":true,\"truncate\":100},\"position\":\"bottom\",\"scale\":{\"type\":\"linear\"},\"show\":true,\"style\":{},\"title\":{},\"type\":\"category\"}],\"grid\":{\"categoryLines\":false},\"legendPosition\":\"right\",\"seriesParams\":[{\"data\":{\"id\":\"1\",\"label\":\"AvgAllocatedMemory\"},\"drawLinesBetweenPoints\":true,\"mode\":\"normal\",\"show\":\"true\",\"showCircles\":true,\"type\":\"line\",\"valueAxis\":\"ValueAxis-1\"}],\"times\":[],\"type\":\"line\",\"valueAxes\":[{\"id\":\"ValueAxis-1\",\"labels\":{\"filter\":false,\"rotate\":0,\"show\":true,\"truncate\":100},\"name\":\"LeftAxis-1\",\"position\":\"left\",\"scale\":{\"mode\":\"normal\",\"type\":\"linear\"},\"show\":true,\"style\":{},\"title\":{\"text\":\"AvgAllocatedMemory\"},\"type\":\"value\"}]},\"aggs\":[{\"id\":\"1\",\"enabled\":true,\"type\":\"avg\",\"schema\":\"metric\",\"params\":{\"field\":\"yarn.queue.stats.AllocatedMB\",\"customLabel\":\"AvgAllocatedMemory\"}},{\"id\":\"2\",\"enabled\":true,\"type\":\"date_histogram\",\"schema\":\"segment\",\"params\":{\"field\":\"timestamp\",\"timeRange\":{\"from\":\"2019-12-02T09:00:00.000Z\",\"to\":\"2019-12-02T14:30:00.000Z\"},\"useNormalizedEsInterval\":true,\"interval\":\"auto\",\"drop_partials\":false,\"customInterval\":\"2h\",\"min_doc_count\":1,\"extended_bounds\":{}}},{\"id\":\"3\",\"enabled\":true,\"type\":\"terms\",\"schema\":\"group\",\"params\":{\"field\":\"yarn.queue.simplified_name.keyword\",\"size\":100,\"order\":\"desc\",\"orderBy\":\"1\",\"otherBucket\":false,\"otherBucketLabel\":\"Other\",\"missingBucket\":false,\"missingBucketLabel\":\"Missing\",\"exclude\":\"\",\"json\":\"\"}}]}",
      "uiStateJSON": "{}",
      "description": "",
      "version": 1,
      "kibanaSavedObjectMeta": {
        "searchSourceJSON": "{\"query\":{\"language\":\"kuery\",\"query\":\"yarn.queue.stats.AllocatedMB > 0 or yarn.queue.stats.AvailableMB > 0\"},\"filter\":[{\"meta\":{\"type\":\"phrases\",\"key\":\"yarn.queue.simplified_name.keyword\",\"value\":\"root, root.UseCase, root.DataLab, root.UseCase.VoMo\",\"params\":[\"root\",\"root.UseCase\",\"root.DataLab\",\"root.UseCase.VoMo\"],\"alias\":null,\"negate\":true,\"disabled\":false,\"indexRefName\":\"kibanaSavedObjectMeta.searchSourceJSON.filter[0].meta.index\"},\"query\":{\"bool\":{\"should\":[{\"script\":{\"script\":{\"source\":\"boolean compare(Supplier s, def v) {return s.get() == v;}compare(() -> { if (!doc['yarn.queue.stats.name.keyword'].empty) { return (doc['yarn.queue.stats.name.keyword'].value.substring(52).replace(',q1=','.').replace(',q2=','.').replace(',q3=','.').replace(',q4=','.'));} else { return 'null';} }, params.value);\",\"lang\":\"painless\",\"params\":{\"value\":\"root\"}}}},{\"script\":{\"script\":{\"source\":\"boolean compare(Supplier s, def v) {return s.get() == v;}compare(() -> { if (!doc['yarn.queue.stats.name.keyword'].empty) { return (doc['yarn.queue.stats.name.keyword'].value.substring(52).replace(',q1=','.').replace(',q2=','.').replace(',q3=','.').replace(',q4=','.'));} else { return 'null';} }, params.value);\",\"lang\":\"painless\",\"params\":{\"value\":\"root.UseCase\"}}}},{\"script\":{\"script\":{\"source\":\"boolean compare(Supplier s, def v) {return s.get() == v;}compare(() -> { if (!doc['yarn.queue.stats.name.keyword'].empty) { return (doc['yarn.queue.stats.name.keyword'].value.substring(52).replace(',q1=','.').replace(',q2=','.').replace(',q3=','.').replace(',q4=','.'));} else { return 'null';} }, params.value);\",\"lang\":\"painless\",\"params\":{\"value\":\"root.DataLab\"}}}},{\"script\":{\"script\":{\"source\":\"boolean compare(Supplier s, def v) {return s.get() == v;}compare(() -> { if (!doc['yarn.queue.stats.name.keyword'].empty) { return (doc['yarn.queue.stats.name.keyword'].value.substring(52).replace(',q1=','.').replace(',q2=','.').replace(',q3=','.').replace(',q4=','.'));} else { return 'null';} }, params.value);\",\"lang\":\"painless\",\"params\":{\"value\":\"root.UseCase.VoMo\"}}}}],\"minimum_should_match\":1}},\"$state\":{\"store\":\"appState\"}}],\"indexRefName\":\"kibanaSavedObjectMeta.searchSourceJSON.index\"}"
      }
    },
    "_migrationVersion": {
      "visualization": "7.0.1"
    },
    "_references": [
      {
        "name": "kibanaSavedObjectMeta.searchSourceJSON.index",
        "type": "index-pattern",
        "id": "3c828220-f414-11e9-9265-1f1d70353788"
      },
      {
        "name": "kibanaSavedObjectMeta.searchSourceJSON.filter[0].meta.index",
        "type": "index-pattern",
        "id": "3c828220-f414-11e9-9265-1f1d70353788"
      }
    ]
  },
  {
    "_id": "179a5b20-1063-11ea-b895-87776881234f",
    "_type": "visualization",
    "_source": {
      "title": " [OCBMETRICS] [PROD] Yarn Memory Avg Load Per Queue",
      "visState": "{\"title\":\" [OCBMETRICS] [PROD] Yarn Memory Avg Load Per Queue\",\"type\":\"histogram\",\"params\":{\"type\":\"histogram\",\"grid\":{\"categoryLines\":false},\"categoryAxes\":[{\"id\":\"CategoryAxis-1\",\"type\":\"category\",\"position\":\"bottom\",\"show\":true,\"style\":{},\"scale\":{\"type\":\"linear\"},\"labels\":{\"show\":true,\"truncate\":100},\"title\":{}}],\"valueAxes\":[{\"id\":\"ValueAxis-1\",\"name\":\"LeftAxis-1\",\"type\":\"value\",\"position\":\"left\",\"show\":true,\"style\":{},\"scale\":{\"type\":\"linear\",\"mode\":\"normal\"},\"labels\":{\"show\":true,\"rotate\":0,\"filter\":false,\"truncate\":100},\"title\":{\"text\":\"AvgAllocatedMemoryMB\"}}],\"seriesParams\":[{\"show\":\"true\",\"type\":\"line\",\"mode\":\"normal\",\"data\":{\"label\":\"AllocatedMemoryMB\",\"id\":\"1\"},\"valueAxis\":\"ValueAxis-1\",\"drawLinesBetweenPoints\":true,\"showCircles\":true}],\"addTooltip\":true,\"addLegend\":true,\"legendPosition\":\"right\",\"times\":[],\"addTimeMarker\":false},\"aggs\":[{\"id\":\"1\",\"enabled\":true,\"type\":\"avg\",\"schema\":\"metric\",\"params\":{\"field\":\"yarn.queue.stats.AllocatedMB\",\"customLabel\":\"AllocatedMemoryMB\"}},{\"id\":\"2\",\"enabled\":true,\"type\":\"date_histogram\",\"schema\":\"segment\",\"params\":{\"field\":\"timestamp\",\"timeRange\":{\"from\":\"now/w\",\"to\":\"now/w\"},\"useNormalizedEsInterval\":true,\"interval\":\"auto\",\"drop_partials\":false,\"customInterval\":\"2h\",\"min_doc_count\":1,\"extended_bounds\":{}}},{\"id\":\"3\",\"enabled\":true,\"type\":\"terms\",\"schema\":\"group\",\"params\":{\"field\":\"yarn.queue.simplified_name.keyword\",\"size\":100,\"order\":\"desc\",\"orderBy\":\"1\",\"otherBucket\":false,\"otherBucketLabel\":\"Other\",\"missingBucket\":false,\"missingBucketLabel\":\"Missing\",\"exclude\":\"\",\"include\":\"\",\"json\":\"\",\"customLabel\":\"queue_name\"}}]}",
      "uiStateJSON": "{}",
      "description": "",
      "version": 1,
      "kibanaSavedObjectMeta": {
        "searchSourceJSON": "{\"query\":{\"query\":\"yarn.queue.stats.AllocatedMB > 0 or yarn.queue.stats.AvailableMB > 0\",\"language\":\"kuery\"},\"filter\":[{\"meta\":{\"type\":\"phrases\",\"key\":\"yarn.queue.simplified_name.keyword\",\"value\":\"root, root.UseCase, root.UseCase.VoMo\",\"params\":[\"root\",\"root.UseCase\",\"root.UseCase.VoMo\"],\"alias\":null,\"negate\":true,\"disabled\":false,\"indexRefName\":\"kibanaSavedObjectMeta.searchSourceJSON.filter[0].meta.index\"},\"query\":{\"bool\":{\"should\":[{\"script\":{\"script\":{\"source\":\"boolean compare(Supplier s, def v) {return s.get() == v;}compare(() -> { if (!doc['yarn.queue.stats.name.keyword'].empty) { return (doc['yarn.queue.stats.name.keyword'].value.substring(52).replace(',q1=','.').replace(',q2=','.').replace(',q3=','.').replace(',q4=','.'));} else { return 'null';} }, params.value);\",\"lang\":\"painless\",\"params\":{\"value\":\"root\"}}}},{\"script\":{\"script\":{\"source\":\"boolean compare(Supplier s, def v) {return s.get() == v;}compare(() -> { if (!doc['yarn.queue.stats.name.keyword'].empty) { return (doc['yarn.queue.stats.name.keyword'].value.substring(52).replace(',q1=','.').replace(',q2=','.').replace(',q3=','.').replace(',q4=','.'));} else { return 'null';} }, params.value);\",\"lang\":\"painless\",\"params\":{\"value\":\"root.UseCase\"}}}},{\"script\":{\"script\":{\"source\":\"boolean compare(Supplier s, def v) {return s.get() == v;}compare(() -> { if (!doc['yarn.queue.stats.name.keyword'].empty) { return (doc['yarn.queue.stats.name.keyword'].value.substring(52).replace(',q1=','.').replace(',q2=','.').replace(',q3=','.').replace(',q4=','.'));} else { return 'null';} }, params.value);\",\"lang\":\"painless\",\"params\":{\"value\":\"root.UseCase.VoMo\"}}}}],\"minimum_should_match\":1}},\"$state\":{\"store\":\"appState\"}}],\"indexRefName\":\"kibanaSavedObjectMeta.searchSourceJSON.index\"}"
      }
    },
    "_migrationVersion": {
      "visualization": "7.0.1"
    },
    "_references": [
      {
        "name": "kibanaSavedObjectMeta.searchSourceJSON.index",
        "type": "index-pattern",
        "id": "46452290-f414-11e9-9265-1f1d70353788"
      },
      {
        "name": "kibanaSavedObjectMeta.searchSourceJSON.filter[0].meta.index",
        "type": "index-pattern",
        "id": "46452290-f414-11e9-9265-1f1d70353788"
      }
    ]
  },
  {
    "_id": "99c717f0-1063-11ea-b895-87776881234f",
    "_type": "visualization",
    "_source": {
      "title": " [OCBMETRICS] [PROD] Yarn VCore Avg Load Per Queue",
      "visState": "{\"title\":\" [OCBMETRICS] [PROD] Yarn VCore Avg Load Per Queue\",\"type\":\"histogram\",\"params\":{\"type\":\"histogram\",\"grid\":{\"categoryLines\":false},\"categoryAxes\":[{\"id\":\"CategoryAxis-1\",\"type\":\"category\",\"position\":\"bottom\",\"show\":true,\"style\":{},\"scale\":{\"type\":\"linear\"},\"labels\":{\"show\":true,\"truncate\":100},\"title\":{}}],\"valueAxes\":[{\"id\":\"ValueAxis-1\",\"name\":\"LeftAxis-1\",\"type\":\"value\",\"position\":\"left\",\"show\":true,\"style\":{},\"scale\":{\"type\":\"linear\",\"mode\":\"normal\"},\"labels\":{\"show\":true,\"rotate\":0,\"filter\":false,\"truncate\":100},\"title\":{\"text\":\"AvgAllocatedVCore\"}}],\"seriesParams\":[{\"show\":\"true\",\"type\":\"line\",\"mode\":\"normal\",\"data\":{\"label\":\"AllocatedVCore\",\"id\":\"1\"},\"valueAxis\":\"ValueAxis-1\",\"drawLinesBetweenPoints\":true,\"showCircles\":true}],\"addTooltip\":true,\"addLegend\":true,\"legendPosition\":\"right\",\"times\":[],\"addTimeMarker\":false},\"aggs\":[{\"id\":\"1\",\"enabled\":true,\"type\":\"avg\",\"schema\":\"metric\",\"params\":{\"field\":\"yarn.queue.stats.AllocatedVCores\",\"customLabel\":\"AllocatedVCore\"}},{\"id\":\"2\",\"enabled\":true,\"type\":\"date_histogram\",\"schema\":\"segment\",\"params\":{\"field\":\"timestamp\",\"timeRange\":{\"from\":\"now/w\",\"to\":\"now/w\"},\"useNormalizedEsInterval\":true,\"interval\":\"auto\",\"drop_partials\":false,\"customInterval\":\"2h\",\"min_doc_count\":1,\"extended_bounds\":{}}},{\"id\":\"3\",\"enabled\":true,\"type\":\"terms\",\"schema\":\"group\",\"params\":{\"field\":\"yarn.queue.simplified_name.keyword\",\"size\":100,\"order\":\"desc\",\"orderBy\":\"1\",\"otherBucket\":false,\"otherBucketLabel\":\"Other\",\"missingBucket\":false,\"missingBucketLabel\":\"Missing\",\"exclude\":\"\",\"include\":\"\",\"json\":\"\",\"customLabel\":\"queue_name\"}}]}",
      "uiStateJSON": "{}",
      "description": "",
      "version": 1,
      "kibanaSavedObjectMeta": {
        "searchSourceJSON": "{\"query\":{\"query\":\"yarn.queue.stats.AllocatedMB > 0 or yarn.queue.stats.AvailableMB > 0\",\"language\":\"kuery\"},\"filter\":[{\"meta\":{\"type\":\"phrases\",\"key\":\"yarn.queue.simplified_name.keyword\",\"value\":\"root, root.UseCase, root.UseCase.VoMo\",\"params\":[\"root\",\"root.UseCase\",\"root.UseCase.VoMo\"],\"alias\":null,\"negate\":true,\"disabled\":false,\"indexRefName\":\"kibanaSavedObjectMeta.searchSourceJSON.filter[0].meta.index\"},\"query\":{\"bool\":{\"should\":[{\"script\":{\"script\":{\"source\":\"boolean compare(Supplier s, def v) {return s.get() == v;}compare(() -> { if (!doc['yarn.queue.stats.name.keyword'].empty) { return (doc['yarn.queue.stats.name.keyword'].value.substring(52).replace(',q1=','.').replace(',q2=','.').replace(',q3=','.').replace(',q4=','.'));} else { return 'null';} }, params.value);\",\"lang\":\"painless\",\"params\":{\"value\":\"root\"}}}},{\"script\":{\"script\":{\"source\":\"boolean compare(Supplier s, def v) {return s.get() == v;}compare(() -> { if (!doc['yarn.queue.stats.name.keyword'].empty) { return (doc['yarn.queue.stats.name.keyword'].value.substring(52).replace(',q1=','.').replace(',q2=','.').replace(',q3=','.').replace(',q4=','.'));} else { return 'null';} }, params.value);\",\"lang\":\"painless\",\"params\":{\"value\":\"root.UseCase\"}}}},{\"script\":{\"script\":{\"source\":\"boolean compare(Supplier s, def v) {return s.get() == v;}compare(() -> { if (!doc['yarn.queue.stats.name.keyword'].empty) { return (doc['yarn.queue.stats.name.keyword'].value.substring(52).replace(',q1=','.').replace(',q2=','.').replace(',q3=','.').replace(',q4=','.'));} else { return 'null';} }, params.value);\",\"lang\":\"painless\",\"params\":{\"value\":\"root.UseCase.VoMo\"}}}}],\"minimum_should_match\":1}},\"$state\":{\"store\":\"appState\"}}],\"indexRefName\":\"kibanaSavedObjectMeta.searchSourceJSON.index\"}"
      }
    },
    "_migrationVersion": {
      "visualization": "7.0.1"
    },
    "_references": [
      {
        "name": "kibanaSavedObjectMeta.searchSourceJSON.index",
        "type": "index-pattern",
        "id": "46452290-f414-11e9-9265-1f1d70353788"
      },
      {
        "name": "kibanaSavedObjectMeta.searchSourceJSON.filter[0].meta.index",
        "type": "index-pattern",
        "id": "46452290-f414-11e9-9265-1f1d70353788"
      }
    ]
  },
  {
    "_id": "543859c0-1062-11ea-b895-87776881234f",
    "_type": "visualization",
    "_source": {
      "title": " [OCBMETRICS]  Yarn VCore Avg Load Per Queue",
      "visState": "{\"title\":\" [OCBMETRICS]  Yarn VCore Avg Load Per Queue\",\"type\":\"line\",\"params\":{\"type\":\"line\",\"grid\":{\"categoryLines\":false},\"categoryAxes\":[{\"id\":\"CategoryAxis-1\",\"type\":\"category\",\"position\":\"bottom\",\"show\":true,\"style\":{},\"scale\":{\"type\":\"linear\"},\"labels\":{\"show\":true,\"truncate\":100},\"title\":{}}],\"valueAxes\":[{\"id\":\"ValueAxis-1\",\"name\":\"LeftAxis-1\",\"type\":\"value\",\"position\":\"left\",\"show\":true,\"style\":{},\"scale\":{\"type\":\"linear\",\"mode\":\"normal\"},\"labels\":{\"show\":true,\"rotate\":0,\"filter\":false,\"truncate\":100},\"title\":{\"text\":\"AvgAllocatedVCore\"}}],\"seriesParams\":[{\"show\":\"true\",\"type\":\"line\",\"mode\":\"normal\",\"data\":{\"label\":\"AvgAllocatedVCore\",\"id\":\"1\"},\"valueAxis\":\"ValueAxis-1\",\"drawLinesBetweenPoints\":true,\"showCircles\":true}],\"addTooltip\":true,\"addLegend\":true,\"legendPosition\":\"right\",\"times\":[],\"addTimeMarker\":false},\"aggs\":[{\"id\":\"1\",\"enabled\":true,\"type\":\"avg\",\"schema\":\"metric\",\"params\":{\"field\":\"yarn.queue.stats.AllocatedVCores\",\"customLabel\":\"AvgAllocatedVCore\"}},{\"id\":\"2\",\"enabled\":true,\"type\":\"date_histogram\",\"schema\":\"segment\",\"params\":{\"field\":\"timestamp\",\"timeRange\":{\"from\":\"now/w\",\"to\":\"now/w\"},\"useNormalizedEsInterval\":true,\"interval\":\"auto\",\"drop_partials\":false,\"customInterval\":\"2h\",\"min_doc_count\":1,\"extended_bounds\":{}}},{\"id\":\"3\",\"enabled\":true,\"type\":\"terms\",\"schema\":\"group\",\"params\":{\"field\":\"yarn.queue.simplified_name.keyword\",\"size\":100,\"order\":\"desc\",\"orderBy\":\"1\",\"otherBucket\":false,\"otherBucketLabel\":\"Other\",\"missingBucket\":false,\"missingBucketLabel\":\"Missing\",\"exclude\":\"\",\"json\":\"\"}}]}",
      "uiStateJSON": "{}",
      "description": "",
      "version": 1,
      "kibanaSavedObjectMeta": {
        "searchSourceJSON": "{\"query\":{\"query\":\"yarn.queue.stats.AllocatedMB > 0 or yarn.queue.stats.AvailableMB > 0\",\"language\":\"kuery\"},\"filter\":[{\"meta\":{\"type\":\"phrases\",\"key\":\"yarn.queue.simplified_name.keyword\",\"value\":\"root, root.UseCase, root.DataLab, root.UseCase.VoMo\",\"params\":[\"root\",\"root.UseCase\",\"root.DataLab\",\"root.UseCase.VoMo\"],\"alias\":null,\"negate\":true,\"disabled\":false,\"indexRefName\":\"kibanaSavedObjectMeta.searchSourceJSON.filter[0].meta.index\"},\"query\":{\"bool\":{\"should\":[{\"script\":{\"script\":{\"source\":\"boolean compare(Supplier s, def v) {return s.get() == v;}compare(() -> { if (!doc['yarn.queue.stats.name.keyword'].empty) { return (doc['yarn.queue.stats.name.keyword'].value.substring(52).replace(',q1=','.').replace(',q2=','.').replace(',q3=','.').replace(',q4=','.'));} else { return 'null';} }, params.value);\",\"lang\":\"painless\",\"params\":{\"value\":\"root\"}}}},{\"script\":{\"script\":{\"source\":\"boolean compare(Supplier s, def v) {return s.get() == v;}compare(() -> { if (!doc['yarn.queue.stats.name.keyword'].empty) { return (doc['yarn.queue.stats.name.keyword'].value.substring(52).replace(',q1=','.').replace(',q2=','.').replace(',q3=','.').replace(',q4=','.'));} else { return 'null';} }, params.value);\",\"lang\":\"painless\",\"params\":{\"value\":\"root.UseCase\"}}}},{\"script\":{\"script\":{\"source\":\"boolean compare(Supplier s, def v) {return s.get() == v;}compare(() -> { if (!doc['yarn.queue.stats.name.keyword'].empty) { return (doc['yarn.queue.stats.name.keyword'].value.substring(52).replace(',q1=','.').replace(',q2=','.').replace(',q3=','.').replace(',q4=','.'));} else { return 'null';} }, params.value);\",\"lang\":\"painless\",\"params\":{\"value\":\"root.DataLab\"}}}},{\"script\":{\"script\":{\"source\":\"boolean compare(Supplier s, def v) {return s.get() == v;}compare(() -> { if (!doc['yarn.queue.stats.name.keyword'].empty) { return (doc['yarn.queue.stats.name.keyword'].value.substring(52).replace(',q1=','.').replace(',q2=','.').replace(',q3=','.').replace(',q4=','.'));} else { return 'null';} }, params.value);\",\"lang\":\"painless\",\"params\":{\"value\":\"root.UseCase.VoMo\"}}}}],\"minimum_should_match\":1}},\"$state\":{\"store\":\"appState\"}}],\"indexRefName\":\"kibanaSavedObjectMeta.searchSourceJSON.index\"}"
      }
    },
    "_migrationVersion": {
      "visualization": "7.0.1"
    },
    "_references": [
      {
        "name": "kibanaSavedObjectMeta.searchSourceJSON.index",
        "type": "index-pattern",
        "id": "3c828220-f414-11e9-9265-1f1d70353788"
      },
      {
        "name": "kibanaSavedObjectMeta.searchSourceJSON.filter[0].meta.index",
        "type": "index-pattern",
        "id": "3c828220-f414-11e9-9265-1f1d70353788"
      }
    ]
  },
  {
    "_id": "cc489660-20b5-11ea-91bc-157df11ac97c",
    "_type": "visualization",
    "_source": {
      "title": " [OCBMETRICS]  YarnAvg NbPending Containers per Queue",
      "visState": "{\"title\":\" [OCBMETRICS]  YarnAvg NbPending Containers per Queue\",\"type\":\"line\",\"params\":{\"type\":\"line\",\"grid\":{\"categoryLines\":false},\"categoryAxes\":[{\"id\":\"CategoryAxis-1\",\"type\":\"category\",\"position\":\"bottom\",\"show\":true,\"style\":{},\"scale\":{\"type\":\"linear\"},\"labels\":{\"show\":true,\"truncate\":100},\"title\":{}}],\"valueAxes\":[{\"id\":\"ValueAxis-1\",\"name\":\"LeftAxis-1\",\"type\":\"value\",\"position\":\"left\",\"show\":true,\"style\":{},\"scale\":{\"type\":\"linear\",\"mode\":\"normal\"},\"labels\":{\"show\":true,\"rotate\":0,\"filter\":false,\"truncate\":100},\"title\":{\"text\":\"AvgNbPendingContainers\"}}],\"seriesParams\":[{\"show\":\"true\",\"type\":\"line\",\"mode\":\"normal\",\"data\":{\"label\":\"AvgNbPendingContainers\",\"id\":\"1\"},\"valueAxis\":\"ValueAxis-1\",\"drawLinesBetweenPoints\":true,\"showCircles\":true}],\"addTooltip\":true,\"addLegend\":true,\"legendPosition\":\"right\",\"times\":[],\"addTimeMarker\":false},\"aggs\":[{\"id\":\"1\",\"enabled\":true,\"type\":\"avg\",\"schema\":\"metric\",\"params\":{\"field\":\"yarn.queue.stats.PendingContainers\",\"customLabel\":\"AvgNbPendingContainers\"}},{\"id\":\"2\",\"enabled\":true,\"type\":\"terms\",\"schema\":\"group\",\"params\":{\"field\":\"yarn.queue.simplified_name.keyword\",\"size\":101,\"order\":\"desc\",\"orderBy\":\"_key\",\"otherBucket\":false,\"otherBucketLabel\":\"Other\",\"missingBucket\":false,\"missingBucketLabel\":\"Missing\"}},{\"id\":\"3\",\"enabled\":true,\"type\":\"date_histogram\",\"schema\":\"segment\",\"params\":{\"field\":\"timestamp\",\"timeRange\":{\"from\":\"2019-12-02T09:00:00.000Z\",\"to\":\"2019-12-02T14:30:00.000Z\"},\"useNormalizedEsInterval\":true,\"interval\":\"auto\",\"drop_partials\":false,\"customInterval\":\"2h\",\"min_doc_count\":1,\"extended_bounds\":{}}}]}",
      "uiStateJSON": "{}",
      "description": "",
      "version": 1,
      "kibanaSavedObjectMeta": {
        "searchSourceJSON": "{\"query\":{\"query\":\"\",\"language\":\"kuery\"},\"filter\":[{\"meta\":{\"type\":\"phrases\",\"key\":\"yarn.queue.simplified_name.keyword\",\"value\":\"root, root.UseCase, root.DataLab, root.UseCase.VoMo\",\"params\":[\"root\",\"root.UseCase\",\"root.DataLab\",\"root.UseCase.VoMo\"],\"alias\":null,\"negate\":true,\"disabled\":false,\"indexRefName\":\"kibanaSavedObjectMeta.searchSourceJSON.filter[0].meta.index\"},\"query\":{\"bool\":{\"should\":[{\"script\":{\"script\":{\"source\":\"boolean compare(Supplier s, def v) {return s.get() == v;}compare(() -> { if (!doc['yarn.queue.stats.name.keyword'].empty) { return (doc['yarn.queue.stats.name.keyword'].value.substring(52).replace(',q1=','.').replace(',q2=','.').replace(',q3=','.').replace(',q4=','.'));} else { return 'null';} }, params.value);\",\"lang\":\"painless\",\"params\":{\"value\":\"root\"}}}},{\"script\":{\"script\":{\"source\":\"boolean compare(Supplier s, def v) {return s.get() == v;}compare(() -> { if (!doc['yarn.queue.stats.name.keyword'].empty) { return (doc['yarn.queue.stats.name.keyword'].value.substring(52).replace(',q1=','.').replace(',q2=','.').replace(',q3=','.').replace(',q4=','.'));} else { return 'null';} }, params.value);\",\"lang\":\"painless\",\"params\":{\"value\":\"root.UseCase\"}}}},{\"script\":{\"script\":{\"source\":\"boolean compare(Supplier s, def v) {return s.get() == v;}compare(() -> { if (!doc['yarn.queue.stats.name.keyword'].empty) { return (doc['yarn.queue.stats.name.keyword'].value.substring(52).replace(',q1=','.').replace(',q2=','.').replace(',q3=','.').replace(',q4=','.'));} else { return 'null';} }, params.value);\",\"lang\":\"painless\",\"params\":{\"value\":\"root.DataLab\"}}}},{\"script\":{\"script\":{\"source\":\"boolean compare(Supplier s, def v) {return s.get() == v;}compare(() -> { if (!doc['yarn.queue.stats.name.keyword'].empty) { return (doc['yarn.queue.stats.name.keyword'].value.substring(52).replace(',q1=','.').replace(',q2=','.').replace(',q3=','.').replace(',q4=','.'));} else { return 'null';} }, params.value);\",\"lang\":\"painless\",\"params\":{\"value\":\"root.UseCase.VoMo\"}}}}],\"minimum_should_match\":1}},\"$state\":{\"store\":\"appState\"}}],\"indexRefName\":\"kibanaSavedObjectMeta.searchSourceJSON.index\"}"
      }
    },
    "_migrationVersion": {
      "visualization": "7.0.1"
    },
    "_references": [
      {
        "name": "kibanaSavedObjectMeta.searchSourceJSON.index",
        "type": "index-pattern",
        "id": "3c828220-f414-11e9-9265-1f1d70353788"
      },
      {
        "name": "kibanaSavedObjectMeta.searchSourceJSON.filter[0].meta.index",
        "type": "index-pattern",
        "id": "3c828220-f414-11e9-9265-1f1d70353788"
      }
    ]
  },
  {
    "_id": "44121080-20b7-11ea-91bc-157df11ac97c",
    "_type": "visualization",
    "_source": {
      "title": " [OCBMETRICS] [PROD] YarnAvg NbPending Containers per Queue",
      "visState": "{\"title\":\" [OCBMETRICS] [PROD] YarnAvg NbPending Containers per Queue\",\"type\":\"line\",\"params\":{\"type\":\"line\",\"grid\":{\"categoryLines\":false},\"categoryAxes\":[{\"id\":\"CategoryAxis-1\",\"type\":\"category\",\"position\":\"bottom\",\"show\":true,\"style\":{},\"scale\":{\"type\":\"linear\"},\"labels\":{\"show\":true,\"truncate\":100},\"title\":{}}],\"valueAxes\":[{\"id\":\"ValueAxis-1\",\"name\":\"LeftAxis-1\",\"type\":\"value\",\"position\":\"left\",\"show\":true,\"style\":{},\"scale\":{\"type\":\"linear\",\"mode\":\"normal\"},\"labels\":{\"show\":true,\"rotate\":0,\"filter\":false,\"truncate\":100},\"title\":{\"text\":\"AvgNbPendingContainers\"}}],\"seriesParams\":[{\"show\":\"true\",\"type\":\"line\",\"mode\":\"normal\",\"data\":{\"label\":\"AvgNbPendingContainers\",\"id\":\"1\"},\"valueAxis\":\"ValueAxis-1\",\"drawLinesBetweenPoints\":true,\"showCircles\":true}],\"addTooltip\":true,\"addLegend\":true,\"legendPosition\":\"right\",\"times\":[],\"addTimeMarker\":false},\"aggs\":[{\"id\":\"1\",\"enabled\":true,\"type\":\"avg\",\"schema\":\"metric\",\"params\":{\"field\":\"yarn.queue.stats.PendingContainers\",\"customLabel\":\"AvgNbPendingContainers\"}},{\"id\":\"2\",\"enabled\":true,\"type\":\"date_histogram\",\"schema\":\"segment\",\"params\":{\"field\":\"timestamp\",\"useNormalizedEsInterval\":true,\"interval\":\"auto\",\"drop_partials\":false,\"customInterval\":\"2h\",\"min_doc_count\":1,\"extended_bounds\":{}}},{\"id\":\"3\",\"enabled\":true,\"type\":\"terms\",\"schema\":\"group\",\"params\":{\"field\":\"yarn.queue.simplified_name.keyword\",\"size\":100,\"order\":\"desc\",\"orderBy\":\"1\",\"otherBucket\":false,\"otherBucketLabel\":\"Other\",\"missingBucket\":false,\"missingBucketLabel\":\"Missing\"}}]}",
      "uiStateJSON": "{}",
      "description": "",
      "version": 1,
      "kibanaSavedObjectMeta": {
        "searchSourceJSON": "{\"query\":{\"query\":\"\",\"language\":\"kuery\"},\"filter\":[{\"meta\":{\"type\":\"phrases\",\"key\":\"yarn.queue.simplified_name.keyword\",\"value\":\"root, root.UseCase, root.DataLab, root.UseCase.VoMo\",\"params\":[\"root\",\"root.UseCase\",\"root.DataLab\",\"root.UseCase.VoMo\"],\"alias\":null,\"negate\":true,\"disabled\":false,\"indexRefName\":\"kibanaSavedObjectMeta.searchSourceJSON.filter[0].meta.index\"},\"query\":{\"bool\":{\"should\":[{\"script\":{\"script\":{\"source\":\"boolean compare(Supplier s, def v) {return s.get() == v;}compare(() -> { if (!doc['yarn.queue.stats.name.keyword'].empty) { return (doc['yarn.queue.stats.name.keyword'].value.substring(52).replace(',q1=','.').replace(',q2=','.').replace(',q3=','.').replace(',q4=','.'));} else { return 'null';} }, params.value);\",\"lang\":\"painless\",\"params\":{\"value\":\"root\"}}}},{\"script\":{\"script\":{\"source\":\"boolean compare(Supplier s, def v) {return s.get() == v;}compare(() -> { if (!doc['yarn.queue.stats.name.keyword'].empty) { return (doc['yarn.queue.stats.name.keyword'].value.substring(52).replace(',q1=','.').replace(',q2=','.').replace(',q3=','.').replace(',q4=','.'));} else { return 'null';} }, params.value);\",\"lang\":\"painless\",\"params\":{\"value\":\"root.UseCase\"}}}},{\"script\":{\"script\":{\"source\":\"boolean compare(Supplier s, def v) {return s.get() == v;}compare(() -> { if (!doc['yarn.queue.stats.name.keyword'].empty) { return (doc['yarn.queue.stats.name.keyword'].value.substring(52).replace(',q1=','.').replace(',q2=','.').replace(',q3=','.').replace(',q4=','.'));} else { return 'null';} }, params.value);\",\"lang\":\"painless\",\"params\":{\"value\":\"root.DataLab\"}}}},{\"script\":{\"script\":{\"source\":\"boolean compare(Supplier s, def v) {return s.get() == v;}compare(() -> { if (!doc['yarn.queue.stats.name.keyword'].empty) { return (doc['yarn.queue.stats.name.keyword'].value.substring(52).replace(',q1=','.').replace(',q2=','.').replace(',q3=','.').replace(',q4=','.'));} else { return 'null';} }, params.value);\",\"lang\":\"painless\",\"params\":{\"value\":\"root.UseCase.VoMo\"}}}}],\"minimum_should_match\":1}},\"$state\":{\"store\":\"appState\"}}],\"indexRefName\":\"kibanaSavedObjectMeta.searchSourceJSON.index\"}"
      }
    },
    "_migrationVersion": {
      "visualization": "7.0.1"
    },
    "_references": [
      {
        "name": "kibanaSavedObjectMeta.searchSourceJSON.index",
        "type": "index-pattern",
        "id": "46452290-f414-11e9-9265-1f1d70353788"
      },
      {
        "name": "kibanaSavedObjectMeta.searchSourceJSON.filter[0].meta.index",
        "type": "index-pattern",
        "id": "46452290-f414-11e9-9265-1f1d70353788"
      }
    ]
  }
]