[
  {
    "_id": "e80eacb0-102d-11ea-b895-87776881234f",
    "_type": "dashboard",
    "_source": {
      "title": "[MONITORING] Yarn Overall",
      "hits": 0,
      "description": "Yarn Reports for Exploration and Production environments\n",
      "panelsJSON": "[{\"embeddableConfig\":{\"vis\":{\"colors\":{\"root: AvgAllocatedMemory\":\"#CCA300\",\"root: AvgAvailableMemory\":\"#64B0C8\"},\"legendOpen\":false}},\"gridData\":{\"x\":0,\"y\":0,\"w\":24,\"h\":14,\"i\":\"1\"},\"panelIndex\":\"1\",\"version\":\"7.1.1\",\"panelRefName\":\"panel_0\"},{\"embeddableConfig\":{\"vis\":{\"colors\":{\"root: AllocatedMB\":\"#EAB839\",\"root: AllocatedMemory\":\"#CCA300\",\"root: AvailableMemory\":\"#64B0C8\",\"root: MaxAllocatedMemory\":\"#CCA300\",\"root: MinAvailableMemory\":\"#64B0C8\"},\"legendOpen\":false}},\"gridData\":{\"x\":24,\"y\":0,\"w\":24,\"h\":14,\"i\":\"2\"},\"panelIndex\":\"2\",\"version\":\"7.1.1\",\"panelRefName\":\"panel_1\"},{\"embeddableConfig\":{\"vis\":{\"colors\":{\"root: AllocatedVcore\":\"#CCA300\",\"root: AvailableVcore\":\"#64B0C8\",\"root: AvgAllocatedVcore\":\"#CCA300\",\"root: AvgAvailableVcore\":\"#64B0C8\"},\"legendOpen\":false}},\"gridData\":{\"x\":0,\"y\":14,\"w\":24,\"h\":14,\"i\":\"3\"},\"panelIndex\":\"3\",\"version\":\"7.1.1\",\"panelRefName\":\"panel_2\"},{\"embeddableConfig\":{\"vis\":{\"colors\":{\"root: AllocatedMB\":\"#EAB839\",\"root: AllocatedVcore\":\"#CCA300\",\"root: AvailableVcore\":\"#64B0C8\",\"root: MaxAllocatedVcore\":\"#CCA300\",\"root: MinAvailableVcore\":\"#64B0C8\"},\"legendOpen\":false}},\"gridData\":{\"x\":24,\"y\":14,\"w\":24,\"h\":14,\"i\":\"4\"},\"panelIndex\":\"4\",\"version\":\"7.1.1\",\"panelRefName\":\"panel_3\"},{\"embeddableConfig\":{},\"gridData\":{\"x\":0,\"y\":58,\"w\":24,\"h\":14,\"i\":\"5\"},\"panelIndex\":\"5\",\"version\":\"7.1.1\",\"panelRefName\":\"panel_4\"},{\"embeddableConfig\":{},\"gridData\":{\"x\":24,\"y\":58,\"w\":24,\"h\":14,\"i\":\"6\"},\"panelIndex\":\"6\",\"version\":\"7.1.1\",\"panelRefName\":\"panel_5\"},{\"embeddableConfig\":{},\"gridData\":{\"x\":0,\"y\":72,\"w\":24,\"h\":14,\"i\":\"7\"},\"panelIndex\":\"7\",\"version\":\"7.1.1\",\"panelRefName\":\"panel_6\"},{\"embeddableConfig\":{},\"gridData\":{\"x\":24,\"y\":72,\"w\":24,\"h\":14,\"i\":\"8\"},\"panelIndex\":\"8\",\"version\":\"7.1.1\",\"panelRefName\":\"panel_7\"},{\"embeddableConfig\":{},\"gridData\":{\"x\":24,\"y\":28,\"w\":24,\"h\":15,\"i\":\"10\"},\"panelIndex\":\"10\",\"version\":\"7.1.1\",\"panelRefName\":\"panel_8\"},{\"embeddableConfig\":{},\"gridData\":{\"x\":0,\"y\":86,\"w\":24,\"h\":15,\"i\":\"11\"},\"panelIndex\":\"11\",\"version\":\"7.1.1\",\"panelRefName\":\"panel_9\"},{\"embeddableConfig\":{},\"gridData\":{\"x\":24,\"y\":86,\"w\":24,\"h\":15,\"i\":\"12\"},\"panelIndex\":\"12\",\"version\":\"7.1.1\",\"panelRefName\":\"panel_10\"},{\"embeddableConfig\":{},\"gridData\":{\"x\":0,\"y\":28,\"w\":24,\"h\":15,\"i\":\"13\"},\"panelIndex\":\"13\",\"version\":\"7.1.1\",\"panelRefName\":\"panel_11\"},{\"gridData\":{\"x\":0,\"y\":43,\"w\":48,\"h\":15,\"i\":\"14\"},\"version\":\"7.1.1\",\"panelIndex\":\"14\",\"embeddableConfig\":{},\"panelRefName\":\"panel_12\"},{\"gridData\":{\"x\":0,\"y\":101,\"w\":48,\"h\":14,\"i\":\"15\"},\"version\":\"7.1.1\",\"panelIndex\":\"15\",\"embeddableConfig\":{},\"panelRefName\":\"panel_13\"}]",
      "optionsJSON": "{\"hidePanelTitles\":false,\"useMargins\":true}",
      "version": 1,
      "timeRestore": false,
      "kibanaSavedObjectMeta": {
        "searchSourceJSON": "{\"query\":{\"language\":\"kuery\",\"query\":\"\"},\"filter\":[]}"
      }
    },
    "_migrationVersion": {
      "dashboard": "7.0.0"
    },
    "_references": [
      {
        "name": "panel_0",
        "type": "visualization",
        "id": "9ca6e450-102c-11ea-b895-87776881234f"
      },
      {
        "name": "panel_1",
        "type": "visualization",
        "id": "68114ae0-0f9c-11ea-9103-5db1c2e99426"
      },
      {
        "name": "panel_2",
        "type": "visualization",
        "id": "7990ffe0-102d-11ea-b895-87776881234f"
      },
      {
        "name": "panel_3",
        "type": "visualization",
        "id": "9c8f6f40-102d-11ea-b895-87776881234f"
      },
      {
        "name": "panel_4",
        "type": "visualization",
        "id": "d7fc03b0-1035-11ea-b895-87776881234f"
      },
      {
        "name": "panel_5",
        "type": "visualization",
        "id": "291df910-1036-11ea-b895-87776881234f"
      },
      {
        "name": "panel_6",
        "type": "visualization",
        "id": "94c2a730-1034-11ea-b895-87776881234f"
      },
      {
        "name": "panel_7",
        "type": "visualization",
        "id": "6dde8740-1036-11ea-b895-87776881234f"
      },
      {
        "name": "panel_8",
        "type": "visualization",
        "id": "543859c0-1062-11ea-b895-87776881234f"
      },
      {
        "name": "panel_9",
        "type": "visualization",
        "id": "179a5b20-1063-11ea-b895-87776881234f"
      },
      {
        "name": "panel_10",
        "type": "visualization",
        "id": "99c717f0-1063-11ea-b895-87776881234f"
      },
      {
        "name": "panel_11",
        "type": "visualization",
        "id": "649219c0-20b4-11ea-91bc-157df11ac97c"
      },
      {
        "name": "panel_12",
        "type": "visualization",
        "id": "cc489660-20b5-11ea-91bc-157df11ac97c"
      },
      {
        "name": "panel_13",
        "type": "visualization",
        "id": "44121080-20b7-11ea-91bc-157df11ac97c"
      }
    ]
  },
  {
    "_id": "3ddb4c50-216f-11ea-91bc-157df11ac97c",
    "_type": "dashboard",
    "_source": {
      "title": "[MONITORING] Yarn Detail",
      "hits": 0,
      "description": "Yarn Activity Details per consuming queue",
      "panelsJSON": "[{\"embeddableConfig\":{\"vis\":{\"legendOpen\":false}},\"gridData\":{\"x\":0,\"y\":0,\"w\":24,\"h\":15,\"i\":\"3\"},\"panelIndex\":\"3\",\"version\":\"7.1.1\",\"panelRefName\":\"panel_0\"},{\"embeddableConfig\":{},\"gridData\":{\"x\":24,\"y\":0,\"w\":24,\"h\":15,\"i\":\"4\"},\"panelIndex\":\"4\",\"version\":\"7.1.1\",\"panelRefName\":\"panel_1\"},{\"embeddableConfig\":{},\"gridData\":{\"x\":24,\"y\":15,\"w\":24,\"h\":15,\"i\":\"5\"},\"panelIndex\":\"5\",\"version\":\"7.1.1\",\"panelRefName\":\"panel_2\"},{\"embeddableConfig\":{},\"gridData\":{\"x\":24,\"y\":30,\"w\":24,\"h\":15,\"i\":\"6\"},\"panelIndex\":\"6\",\"version\":\"7.1.1\",\"panelRefName\":\"panel_3\"},{\"embeddableConfig\":{},\"gridData\":{\"x\":24,\"y\":45,\"w\":24,\"h\":15,\"i\":\"9\"},\"panelIndex\":\"9\",\"version\":\"7.1.1\",\"panelRefName\":\"panel_4\"},{\"embeddableConfig\":{\"vis\":{\"legendOpen\":false}},\"gridData\":{\"x\":0,\"y\":30,\"w\":24,\"h\":15,\"i\":\"10\"},\"panelIndex\":\"10\",\"version\":\"7.1.1\",\"panelRefName\":\"panel_5\"},{\"gridData\":{\"x\":0,\"y\":15,\"w\":24,\"h\":15,\"i\":\"11\"},\"version\":\"7.1.1\",\"panelIndex\":\"11\",\"embeddableConfig\":{\"vis\":{\"legendOpen\":false}},\"panelRefName\":\"panel_6\"},{\"gridData\":{\"x\":0,\"y\":45,\"w\":24,\"h\":15,\"i\":\"12\"},\"version\":\"7.1.1\",\"panelIndex\":\"12\",\"embeddableConfig\":{\"vis\":{\"legendOpen\":false}},\"panelRefName\":\"panel_7\"}]",
      "optionsJSON": "{\"hidePanelTitles\":false,\"useMargins\":true}",
      "version": 1,
      "timeRestore": false,
      "kibanaSavedObjectMeta": {
        "searchSourceJSON": "{\"query\":{\"language\":\"kuery\",\"query\":\"yarn.queue.stats.AllocatedMB > 0\"},\"filter\":[{\"$state\":{\"store\":\"appState\"},\"meta\":{\"alias\":null,\"disabled\":false,\"key\":\"yarn.queue.simplified_name.keyword\",\"negate\":true,\"params\":[\"root.UseCase.VoMo\"],\"type\":\"phrases\",\"value\":\"root.UseCase.VoMo\",\"indexRefName\":\"kibanaSavedObjectMeta.searchSourceJSON.filter[0].meta.index\"},\"query\":{\"bool\":{\"minimum_should_match\":1,\"should\":[{\"script\":{\"script\":{\"lang\":\"painless\",\"params\":{\"value\":\"root.UseCase.VoMo\"},\"source\":\"boolean compare(Supplier s, def v) {return s.get() == v;}compare(() -> { if (!doc['yarn.queue.stats.name.keyword'].empty) { return (doc['yarn.queue.stats.name.keyword'].value.substring(52).replace(',q1=','.').replace(',q2=','.').replace(',q3=','.').replace(',q4=','.'));} else { return 'null';} }, params.value);\"}}}]}}}]}"
      }
    },
    "_migrationVersion": {
      "dashboard": "7.0.0"
    },
    "_references": [
      {
        "name": "kibanaSavedObjectMeta.searchSourceJSON.filter[0].meta.index",
        "type": "index-pattern",
        "id": "3c828220-f414-11e9-9265-1f1d70353788"
      },
      {
        "name": "panel_0",
        "type": "visualization",
        "id": "e20d3650-216d-11ea-91bc-157df11ac97c"
      },
      {
        "name": "panel_1",
        "type": "visualization",
        "id": "68114ae0-0f9c-11ea-9103-5db1c2e99426"
      },
      {
        "name": "panel_2",
        "type": "visualization",
        "id": "9c8f6f40-102d-11ea-b895-87776881234f"
      },
      {
        "name": "panel_3",
        "type": "visualization",
        "id": "291df910-1036-11ea-b895-87776881234f"
      },
      {
        "name": "panel_4",
        "type": "visualization",
        "id": "6dde8740-1036-11ea-b895-87776881234f"
      },
      {
        "name": "panel_5",
        "type": "visualization",
        "id": "63d82a70-2176-11ea-91bc-157df11ac97c"
      },
      {
        "name": "panel_6",
        "type": "visualization",
        "id": "f368a340-2176-11ea-91bc-157df11ac97c"
      },
      {
        "name": "panel_7",
        "type": "visualization",
        "id": "3b200340-2177-11ea-91bc-157df11ac97c"
      }
    ]
  }
]